player_id,player_name,orapm,drapm,net_rapm,possessions,season,season_type,window
100720,Sue Bird,-1.187,-0.648,-1.887,1563,2017,RS,3
100812,Erika de Souza,-1.604,-0.518,-1.649,702,2017,RS,3
100888,Plenette Pierson,-0.86,2.57,1.095,1281,2017,RS,3
100915,Lindsay Whalen,-0.23,0.354,0.403,785,2017,RS,3
100940,Diana Taurasi,3.242,-1.364,1.922,1007,2017,RS,3
100944,Rebekkah Brunson,1.215,-0.884,-0.594,1498,2017,RS,3
100949,Alana Beard,0.038,0.954,-0.77,2034,2017,RS,3
100952,Jia Perkins,-0.294,1.244,-0.47,1321,2017,RS,3
101023,Sancho Lyttle,-0.858,-0.813,-1.663,1463,2017,RS,3
200665,Cappie Pondexter,-1.896,0.307,-0.878,1434,2017,RS,3
200671,Seimone Augustus,2.333,-0.239,2.075,1657,2017,RS,3
200673,Monique Currie,0.864,-0.283,0.349,1486,2017,RS,3
200676,Candice Dupree,0.039,-1.982,-0.675,1987,2017,RS,3
201049,Noelle Quinn,0.344,0.423,1.036,1203,2017,RS,3
201050,Tiffany Jackson,-0.186,1.558,1.587,403,2017,RS,3
201056,Ivory Latta,-0.332,-0.792,-0.498,1177,2017,RS,3
201062,Shay Murphy,-0.867,0.619,-0.197,504,2017,RS,3
201067,Camille Smith,0.542,-1.078,-0.832,815,2017,RS,3
201477,Tamera Young,-1.214,0.885,-0.09,1479,2017,RS,3
201480,Sylvia Fowles,2.643,0.946,1.87,1819,2017,RS,3
201492,Matee Ajavon,-1.555,0.755,-0.81,596,2017,RS,3
201496,Candace Parker,1.34,1.677,1.083,1847,2017,RS,3
201502,Essence Carson,1.057,0.203,0.776,1033,2017,RS,3
201503,Erlana Larkins,-0.611,-1.309,-0.907,1352,2017,RS,3
201507,Leilani Mitchell,0.348,0.951,0.477,1111,2017,RS,3
201516,Allie Quigley,1.123,-1.727,-0.083,1627,2017,RS,3
201518,Crystal Langhorne,2.062,-1.223,1.344,1805,2017,RS,3
201530,Sequoia Holmes,-0.029,-0.121,-0.411,726,2017,RS,3
201889,Marissa Coleman,-1.316,-1.644,-1.401,1334,2017,RS,3
201896,Briann January,-1.455,-2.259,-2.414,1410,2017,RS,3
201904,Renee Montgomery,0.348,0.864,0.544,1857,2017,RS,3
201907,Courtney Paris,-0.729,-0.58,-1.13,561,2017,RS,3
201911,Kristi Toliver,1.063,-2.354,-0.61,1733,2017,RS,3
201913,Kia Vaughn,0.27,-0.282,0.256,1024,2017,RS,3
201919,Shavonte Zellous,0.616,0.155,0.725,1578,2017,RS,3
202250,Tina Charles,1.081,0.645,1.626,1476,2017,RS,3
202252,Alysha Clark,0.708,-1.863,-0.602,1802,2017,RS,3
202259,Epiphanny Prince,0.277,-0.152,-0.279,1239,2017,RS,3
202632,Maya Moore,2.637,1.31,2.185,1995,2017,RS,3
202638,Jessica Breland,0.172,0.029,-0.132,1440,2017,RS,3
202640,Karima Christmas-Kelly,0.551,-1.088,-0.018,1844,2017,RS,3
202641,Sydney Colson,-2.45,0.106,-2.29,507,2017,RS,3
202644,Amber Harris,-0.928,0.236,-1.017,420,2017,RS,3
202650,Jantel Lavender,-0.9,0.737,0.114,1392,2017,RS,3
202652,Alex Montgomery,-2.109,-0.942,-2.137,1590,2017,RS,3
202656,Jeanette Pohlen-Mavunga,-0.892,0.237,0.195,877,2017,RS,3
202658,Danielle Robinson,1.109,0.28,0.672,905,2017,RS,3
202662,Jasmine Thomas,0.52,1.212,0.609,1201,2017,RS,3
202663,Krystal Thomas,1.674,-0.003,1.592,1530,2017,RS,3
202664,Courtney Vandersloot,0.163,-1.394,-0.933,1473,2017,RS,3
202670,Carolyn Swords,-0.879,-0.279,-0.677,743,2017,RS,3
203014,Nneka Ogwumike,3.427,0.725,2.347,1833,2017,RS,3
203015,Shekinna Stricklen,0.93,0.548,0.715,1023,2017,RS,3
203017,Glory Johnson,-0.663,-0.617,-0.558,2012,2017,RS,3
203018,Shenise Johnson,1.383,0.594,1.365,693,2017,RS,3
203024,Damiris Dantas,0.671,-0.454,0.175,1178,2017,RS,3
203026,Tiffany Hayes,0.314,-0.136,0.634,1610,2017,RS,3
203029,Riquna Williams,-1.401,-0.078,-2.098,855,2017,RS,3
203041,Lynetta Kizer,1.144,-0.554,-0.385,333,2017,RS,3
203389,Yvonne Turner,-0.576,1.764,0.414,858,2017,RS,3
203398,Brittney Griner,3.06,0.489,2.311,1079,2017,RS,3
203399,Elena Delle Donne,1.451,-0.489,0.939,1375,2017,RS,3
203400,Skylar Diggins,0.314,-0.876,0.02,1863,2017,RS,3
203401,Tayler Hill,0.499,-2.066,-1.236,991,2017,RS,3
203403,Tianna Hawkins,-0.059,-0.58,-0.332,1305,2017,RS,3
203405,Kayla Alexander,0.396,-0.427,0.218,1311,2017,RS,3
203406,Layshia Clarendon,-1.071,-1.387,-1.464,1695,2017,RS,3
203410,Alex Bentley,0.226,0.096,-0.024,796,2017,RS,3
203411,Sugar Rodgers,-0.33,0.544,-0.04,1006,2017,RS,3
203416,Emma Meesseman,1.134,-1.599,-0.867,1132,2017,RS,3
203437,Tierra Ruffin-Pratt,0.565,-0.554,-0.123,1594,2017,RS,3
203824,Odyssey Sims,0.566,2.352,1.519,1587,2017,RS,3
203825,Kayla McBride,-1.545,0.121,-0.651,1845,2017,RS,3
203826,Alyssa Thomas,1.586,1.401,1.739,1158,2017,RS,3
203827,Natasha Howard,0.82,2.498,1.579,1222,2017,RS,3
203828,Stefanie Dolson,0.741,-0.633,0.536,1732,2017,RS,3
203829,Bria Hartley,-0.077,-0.948,-0.794,1453,2017,RS,3
203831,Natalie Achonwa,0.473,-0.466,0.714,1289,2017,RS,3
203833,Chelsea Gray,3.747,1.438,4.426,2099,2017,RS,3
203835,Jordan Hooper,0.475,-0.637,0.179,785,2017,RS,3
203849,Theresa Plaisance,-0.395,-1.321,-1.308,1331,2017,RS,3
203855,Stephanie Talbot,0.813,-0.026,0.268,856,2017,RS,3
203859,Asia Taylor,-0.289,0.524,0.022,622,2017,RS,3
203866,Kayla Thornton,0.57,-0.394,0.445,1303,2017,RS,3
204297,Cayla George,0.056,1.779,1.427,801,2017,RS,3
204317,Ramu Tokashiki,-1.639,0.561,-0.571,930,2017,RS,3
204319,Jewell Loyd,1.48,-0.116,0.976,2141,2017,RS,3
204321,Kaleena Mosqueda-Lewis,-0.081,0.111,0.494,509,2017,RS,3
204322,Elizabeth Williams,-0.312,-0.46,-0.867,1705,2017,RS,3
204324,Dearica Hamby,-0.553,0.464,-0.232,1432,2017,RS,3
204329,Kiah Stokes,0.55,-0.069,0.208,888,2017,RS,3
204330,Isabelle Harrison,0.847,0.743,1.611,1740,2017,RS,3
204333,Natasha Cloud,-0.622,0.912,0.037,966,2017,RS,3
204365,Erica Wheeler,-1.445,-0.757,-1.882,1754,2017,RS,3
1627668,Breanna Stewart,1.442,0.731,1.161,2052,2017,RS,3
1627669,Moriah Jefferson,-0.692,0.587,-0.645,915,2017,RS,3
1627670,Morgan Tuck,-1.762,0.361,-0.78,489,2017,RS,3
1627672,Aerial Powers,-1.43,-0.563,-1.023,643,2017,RS,3
1627673,Jonquel Jones,3.125,1.135,3.076,1029,2017,RS,3
1627674,Kahleah Copper,-1.731,-0.497,-1.136,915,2017,RS,3
1627675,Courtney Williams,1.716,-1.375,0.564,860,2017,RS,3
1627676,Tiffany Mitchell,0.053,-0.687,-0.133,1507,2017,RS,3
1627677,Imani McGee-Stafford,-1.59,-0.054,-1.474,940,2017,RS,3
1627678,Bria Holmes,-0.351,1.535,1.354,1335,2017,RS,3
1627681,Jazmon Gwathmey,-2.487,-0.286,-2.824,886,2017,RS,3
1627689,Bashaara Graves,-0.281,0.13,0.248,329,2017,RS,3
1628242,Emma Cannon,1.147,0.294,1.655,1025,2017,RS,3
1628244,Sami Whitcomb,-2.187,0.878,-1.669,891,2017,RS,3
1628267,Saniya Chong,-1.431,1.043,-0.921,1053,2017,RS,3
1628269,Nia Coffey,-1.584,0.712,-0.515,442,2017,RS,3
1628273,Kaela Davis,-1.196,-0.329,-0.964,1130,2017,RS,3
1628276,Kelsey Plum,0.332,-0.599,0.206,1559,2017,RS,3
1628277,Allisha Gray,0.807,-1.268,-0.657,1547,2017,RS,3
1628278,Shatori Walker-Kimbrough,-0.59,-0.207,-1.039,801,2017,RS,3
1628279,Brittney Sykes,-0.732,-1.445,-1.022,1540,2017,RS,3
1628282,Sydney Wiese,-0.146,0.704,0.751,521,2017,RS,3
1628283,Alexis Jones,-1.292,0.969,-0.116,577,2017,RS,3
1628284,Alexis Peterson,-2.65,0.234,-2.289,311,2017,RS,3
1628286,Erica McCall,-1.082,0.132,-0.135,959,2017,RS,3
100720,Sue Bird,0.067,0.613,-0.035,3317,2018,RS,3
100812,Erika de Souza,-1.516,-0.111,-1.356,702,2018,RS,3
100888,Plenette Pierson,-0.74,3.116,0.87,1281,2018,RS,3
100915,Lindsay Whalen,0.154,1.492,1.355,1798,2018,RS,3
100940,Diana Taurasi,4.32,0.414,4.718,2214,2018,RS,3
100944,Rebekkah Brunson,-0.53,0.197,-0.654,2589,2018,RS,3
100949,Alana Beard,-2.501,0.283,-2.526,3386,2018,RS,3
100952,Jia Perkins,0.016,1.264,0.138,1321,2018,RS,3
101023,Sancho Lyttle,0.463,-1.224,-0.638,2126,2018,RS,3
101030,Tanisha Wright,-1.686,-0.999,-1.638,1230,2018,RS,3
200665,Cappie Pondexter,-2.614,0.508,-1.781,2214,2018,RS,3
200671,Seimone Augustus,1.835,0.199,2.077,3072,2018,RS,3
200673,Monique Currie,1.011,-1.182,0.098,2368,2018,RS,3
200676,Candice Dupree,-0.886,-0.955,-0.283,3065,2018,RS,3
201049,Noelle Quinn,-2.222,1.651,0.324,1463,2018,RS,3
201050,Tiffany Jackson,0.112,2.102,1.484,403,2018,RS,3
201056,Ivory Latta,-0.742,0.166,-0.544,1177,2018,RS,3
201062,Shay Murphy,-0.795,1.025,0.089,504,2018,RS,3
201067,Camille Smith,0.087,-3.436,-3.336,1018,2018,RS,3
201477,Tamera Young,-0.259,0.177,0.208,3118,2018,RS,3
201480,Sylvia Fowles,1.232,-0.167,0.025,3419,2018,RS,3
201492,Matee Ajavon,-0.807,1.005,-0.131,596,2018,RS,3
201496,Candace Parker,1.662,2.368,2.16,3602,2018,RS,3
201502,Essence Carson,3.045,0.177,2.14,2354,2018,RS,3
201503,Erlana Larkins,-2.002,-0.194,-2.234,1612,2018,RS,3
201506,LaToya Sanders,11.724,-0.652,8.494,1000,2018,RS,3
201507,Leilani Mitchell,-1.115,-0.747,-1.995,1461,2018,RS,3
201516,Allie Quigley,0.328,-2.246,-0.795,2715,2018,RS,3
201518,Crystal Langhorne,-0.474,-5.778,-4.777,2607,2018,RS,3
201530,Sequoia Holmes,-0.492,1.199,-1.212,738,2018,RS,3
201881,Angel McCoughtry,0.615,1.322,2.238,1362,2018,RS,3
201886,DeWanna Bonner,0.842,-1.029,0.327,1385,2018,RS,3
201889,Marissa Coleman,-1.275,-1.645,-1.807,2168,2018,RS,3
201896,Briann January,-1.104,-4.931,-3.54,2600,2018,RS,3
201904,Renee Montgomery,0.477,1.263,0.745,3548,2018,RS,3
201907,Courtney Paris,2.165,-6.258,-3.039,1146,2018,RS,3
201911,Kristi Toliver,6.773,-2.503,3.109,3635,2018,RS,3
201913,Kia Vaughn,-0.821,-0.323,-0.582,2177,2018,RS,3
201919,Shavonte Zellous,-1.132,0.458,-0.383,2355,2018,RS,3
202250,Tina Charles,2.12,0.622,3.266,3140,2018,RS,3
202252,Alysha Clark,0.151,0.413,0.294,3650,2018,RS,3
202259,Epiphanny Prince,-1.031,-0.849,-1.483,1762,2018,RS,3
202632,Maya Moore,1.841,2.377,2.914,3784,2018,RS,3
202633,Liz Cambage,3.44,1.386,4.052,1501,2018,RS,3
202638,Jessica Breland,-1.381,1.07,-0.466,3265,2018,RS,3
202640,Karima Christmas-Kelly,0.168,-0.51,0.404,2117,2018,RS,3
202641,Sydney Colson,-3.833,-0.025,-3.208,507,2018,RS,3
202644,Amber Harris,-0.609,-0.435,0.041,431,2018,RS,3
202650,Jantel Lavender,-3.383,1.509,-2.315,2508,2018,RS,3
202652,Alex Montgomery,-2.992,-0.649,-2.627,1711,2018,RS,3
202656,Jeanette Pohlen-Mavunga,-0.875,0.933,0.027,877,2018,RS,3
202657,Angel Robinson,-0.594,0.167,-0.392,507,2018,RS,3
202658,Danielle Robinson,-0.182,-0.451,-0.562,2036,2018,RS,3
202662,Jasmine Thomas,-0.35,0.737,0.0,1981,2018,RS,3
202663,Krystal Thomas,-1.668,0.923,-0.226,2004,2018,RS,3
202664,Courtney Vandersloot,0.521,0.321,0.921,2363,2018,RS,3
202670,Carolyn Swords,0.38,-0.67,-0.283,1409,2018,RS,3
203014,Nneka Ogwumike,2.151,0.743,1.315,3169,2018,RS,3
203015,Shekinna Stricklen,0.798,0.764,1.367,1831,2018,RS,3
203017,Glory Johnson,-1.152,0.06,-0.831,3325,2018,RS,3
203018,Shenise Johnson,0.969,0.586,1.698,693,2018,RS,3
203024,Damiris Dantas,-0.66,-0.513,-1.12,1560,2018,RS,3
203026,Tiffany Hayes,0.422,0.076,0.896,3558,2018,RS,3
203029,Riquna Williams,1.44,0.937,1.239,1697,2018,RS,3
203041,Lynetta Kizer,-0.912,-2.595,-2.842,744,2018,RS,3
203389,Yvonne Turner,-0.717,-0.401,-1.715,1330,2018,RS,3
203398,Brittney Griner,2.613,-1.492,0.961,2495,2018,RS,3
203399,Elena Delle Donne,2.616,-0.997,0.602,2995,2018,RS,3
203400,Skylar Diggins,0.323,0.33,0.635,3591,2018,RS,3
203401,Tayler Hill,-2.356,-1.711,-2.535,1269,2018,RS,3
203402,Kelsey Bone,-0.291,-3.87,-2.946,665,2018,RS,3
203403,Tianna Hawkins,-1.789,-1.026,-2.576,2257,2018,RS,3
203405,Kayla Alexander,-1.072,0.443,-0.293,1544,2018,RS,3
203406,Layshia Clarendon,-2.696,-0.864,-2.823,2235,2018,RS,3
203410,Alex Bentley,0.531,0.853,0.205,1770,2018,RS,3
203411,Sugar Rodgers,0.334,0.374,0.912,1847,2018,RS,3
203416,Emma Meesseman,0.0,-1.285,-1.138,1132,2018,RS,3
203437,Tierra Ruffin-Pratt,-0.696,-1.178,-1.462,2612,2018,RS,3
203823,Chiney Ogwumike,1.37,0.042,1.256,834,2018,RS,3
203824,Odyssey Sims,2.272,1.804,3.083,2998,2018,RS,3
203825,Kayla McBride,-1.493,0.584,-0.401,3944,2018,RS,3
203826,Alyssa Thomas,0.926,1.344,1.495,1740,2018,RS,3
203827,Natasha Howard,1.388,2.82,1.509,2995,2018,RS,3
203828,Stefanie Dolson,-0.133,-0.094,0.232,2804,2018,RS,3
203829,Bria Hartley,-1.166,-1.346,-1.861,2889,2018,RS,3
203831,Natalie Achonwa,-0.157,-0.451,0.086,2322,2018,RS,3
203833,Chelsea Gray,4.219,2.875,5.331,4020,2018,RS,3
203835,Jordan Hooper,0.4,-0.156,-0.149,785,2018,RS,3
203849,Theresa Plaisance,-0.777,-1.112,-1.362,1489,2018,RS,3
203855,Stephanie Talbot,-0.249,1.329,0.922,1339,2018,RS,3
203859,Asia Taylor,-2.283,1.015,-0.678,757,2018,RS,3
203866,Kayla Thornton,1.536,0.301,1.391,2915,2018,RS,3
204296,Rebecca Allen,1.097,1.86,2.22,594,2018,RS,3
204297,Cayla George,-0.31,2.626,2.06,1289,2018,RS,3
204317,Ramu Tokashiki,-1.844,1.744,-0.02,930,2018,RS,3
204319,Jewell Loyd,4.575,1.656,5.208,4533,2018,RS,3
204320,Amanda Zahui B,-0.245,-1.123,-1.04,756,2018,RS,3
204321,Kaleena Mosqueda-Lewis,0.588,-7.058,-4.349,1288,2018,RS,3
204322,Elizabeth Williams,0.431,-0.612,0.253,3496,2018,RS,3
204324,Dearica Hamby,0.54,1.008,0.485,2426,2018,RS,3
204327,Brittany Boyd-Jones,-2.506,-0.142,-3.035,548,2018,RS,3
204329,Kiah Stokes,-0.565,0.594,-0.478,1568,2018,RS,3
204330,Isabelle Harrison,-0.014,1.454,1.542,1740,2018,RS,3
204333,Natasha Cloud,4.806,0.504,3.902,2048,2018,RS,3
204355,Blake Dietrick,-0.715,0.005,-0.801,330,2018,RS,3
204365,Erica Wheeler,-1.447,-1.085,-1.733,2659,2018,RS,3
1627668,Breanna Stewart,1.8,3.4,3.81,4384,2018,RS,3
1627669,Moriah Jefferson,-2.024,0.057,-1.225,1367,2018,RS,3
1627670,Morgan Tuck,-0.534,0.729,0.032,656,2018,RS,3
1627671,Rachel Banham,-0.487,-0.243,-0.704,306,2018,RS,3
1627672,Aerial Powers,-1.915,0.669,-1.312,1282,2018,RS,3
1627673,Jonquel Jones,1.886,0.678,1.488,1354,2018,RS,3
1627674,Kahleah Copper,-2.622,-0.714,-2.159,1380,2018,RS,3
1627675,Courtney Williams,2.094,-1.1,1.009,1630,2018,RS,3
1627676,Tiffany Mitchell,-0.543,-0.522,-0.078,2078,2018,RS,3
1627677,Imani McGee-Stafford,-1.229,0.618,-1.444,1589,2018,RS,3
1627678,Bria Holmes,-0.789,2.143,1.001,1335,2018,RS,3
1627681,Jazmon Gwathmey,-3.458,0.344,-2.652,1144,2018,RS,3
1627689,Bashaara Graves,-0.28,0.553,-0.159,329,2018,RS,3
1627701,Temi Fagbenle,-0.48,1.06,0.201,841,2018,RS,3
1628242,Emma Cannon,0.514,1.902,1.528,1025,2018,RS,3
1628244,Sami Whitcomb,-2.814,-4.349,-6.83,1269,2018,RS,3
1628263,Lindsay Allen,-0.758,0.907,0.05,821,2018,RS,3
1628267,Saniya Chong,-1.997,1.398,-1.75,1194,2018,RS,3
1628268,Alaina Coates,0.949,0.357,1.753,429,2018,RS,3
1628269,Nia Coffey,-2.28,1.574,-0.15,1259,2018,RS,3
1628273,Kaela Davis,-1.881,0.915,-0.314,1977,2018,RS,3
1628276,Kelsey Plum,3.171,-1.56,1.338,3065,2018,RS,3
1628277,Allisha Gray,1.707,-0.62,0.92,3210,2018,RS,3
1628278,Shatori Walker-Kimbrough,-1.079,0.36,-1.62,1069,2018,RS,3
1628279,Brittney Sykes,0.616,0.181,0.766,2864,2018,RS,3
1628282,Sydney Wiese,-1.5,0.747,-0.189,626,2018,RS,3
1628283,Alexis Jones,-1.64,1.284,0.427,1103,2018,RS,3
1628284,Alexis Peterson,-1.034,0.889,-0.14,311,2018,RS,3
1628286,Erica McCall,-1.331,1.253,0.019,1256,2018,RS,3
1628292,Breanna Lewis,-3.388,0.304,-2.267,398,2018,RS,3
1628508,Cecilia Zandalasini,-1.433,-0.782,-0.965,917,2018,RS,3
1628878,Ariel Atkins,5.088,0.382,2.963,1182,2018,RS,3
1628881,Monique Billings,2.283,0.977,2.675,739,2018,RS,3
1628886,Jordin Canada,-0.185,-5.578,-4.897,1079,2018,RS,3
1628890,Diamond DeShields,0.262,0.397,1.138,1081,2018,RS,3
1628899,Myisha Hines-Allen,0.938,-0.585,0.075,381,2018,RS,3
1628909,Kelsey Mitchell,-1.053,-0.649,-0.982,488,2018,RS,3
1628913,Jaime Nared,-1.184,1.509,0.138,520,2018,RS,3
1628915,Kia Nurse,-0.095,-0.502,-0.263,1085,2018,RS,3
1628917,JiSu Park,-0.961,1.268,-0.26,882,2018,RS,3
1628922,Azurá Stevens,-0.851,0.075,-1.619,1427,2018,RS,3
1628927,Victoria Vivians,-0.746,-0.508,-0.407,1006,2018,RS,3
1628931,Gabby Williams,-1.318,-0.201,-1.978,1088,2018,RS,3
1628932,A'ja Wilson,3.947,-2.303,1.247,1815,2018,RS,3
100720,Sue Bird,0.79,0.296,0.094,3317,2019,RS,3
100812,Erika de Souza,-1.297,-0.145,-1.073,702,2019,RS,3
100888,Plenette Pierson,-0.156,3.149,1.605,1281,2019,RS,3
100915,Lindsay Whalen,0.973,1.496,1.817,1798,2019,RS,3
100940,Diana Taurasi,2.508,-0.911,2.327,2394,2019,RS,3
100944,Rebekkah Brunson,-0.088,0.2,-0.411,2589,2019,RS,3
100949,Alana Beard,-1.066,-0.135,-1.469,3496,2019,RS,3
100952,Jia Perkins,0.509,1.225,0.547,1321,2019,RS,3
101023,Sancho Lyttle,-0.061,-1.22,-1.397,2452,2019,RS,3
101030,Tanisha Wright,-1.075,-0.766,-1.702,2094,2019,RS,3
200665,Cappie Pondexter,-2.163,0.319,-1.659,2214,2019,RS,3
200671,Seimone Augustus,0.766,0.031,0.694,3351,2019,RS,3
200673,Monique Currie,1.184,-1.449,-0.181,2368,2019,RS,3
200676,Candice Dupree,-1.478,-0.916,-0.498,3758,2019,RS,3
201049,Noelle Quinn,-0.912,1.726,0.597,1463,2019,RS,3
201050,Tiffany Jackson,0.189,2.027,1.59,403,2019,RS,3
201056,Ivory Latta,-1.155,-0.367,-1.508,1177,2019,RS,3
201062,Shay Murphy,-0.706,0.918,0.06,504,2019,RS,3
201067,Camille Smith,0.319,-3.574,-3.071,1128,2019,RS,3
201477,Tamera Young,-0.255,-0.476,-0.227,3271,2019,RS,3
201480,Sylvia Fowles,1.695,-0.94,0.367,4908,2019,RS,3
201492,Matee Ajavon,-0.536,0.852,0.038,596,2019,RS,3
201496,Candace Parker,1.255,1.045,1.303,4192,2019,RS,3
201502,Essence Carson,2.533,0.994,2.21,2868,2019,RS,3
201503,Erlana Larkins,-1.513,-0.867,-1.759,1612,2019,RS,3
201506,LaToya Sanders,12.196,0.435,8.953,2136,2019,RS,3
201507,Leilani Mitchell,-0.313,-0.925,-1.022,2386,2019,RS,3
201516,Allie Quigley,1.705,-2.311,-0.026,3682,2019,RS,3
201518,Crystal Langhorne,-0.607,-4.298,-2.841,3487,2019,RS,3
201530,Sequoia Holmes,0.082,0.075,0.127,738,2019,RS,3
201881,Angel McCoughtry,1.517,0.321,3.725,1362,2019,RS,3
201886,DeWanna Bonner,-0.05,0.278,0.726,2566,2019,RS,3
201889,Marissa Coleman,-0.241,-1.818,-1.431,2168,2019,RS,3
201896,Briann January,-1.657,-3.825,-3.544,3587,2019,RS,3
201904,Renee Montgomery,-1.306,0.065,-1.102,5001,2019,RS,3
201907,Courtney Paris,1.498,-6.258,-3.897,1414,2019,RS,3
201911,Kristi Toliver,7.121,-3.309,2.129,4738,2019,RS,3
201913,Kia Vaughn,-0.48,-0.453,-0.503,2177,2019,RS,3
201919,Shavonte Zellous,-2.925,0.224,-1.437,2980,2019,RS,3
202250,Tina Charles,1.26,0.73,2.656,4612,2019,RS,3
202252,Alysha Clark,1.229,0.044,1.011,5018,2019,RS,3
202259,Epiphanny Prince,0.557,-0.802,-0.038,1785,2019,RS,3
202632,Maya Moore,2.059,2.046,3.174,3784,2019,RS,3
202633,Liz Cambage,2.047,1.789,3.104,2402,2019,RS,3
202638,Jessica Breland,-2.077,0.67,-1.181,4448,2019,RS,3
202640,Karima Christmas-Kelly,-0.29,-0.165,-1.105,2227,2019,RS,3
202641,Sydney Colson,-1.359,0.371,-2.037,703,2019,RS,3
202644,Amber Harris,-0.628,0.2,-0.682,431,2019,RS,3
202650,Jantel Lavender,-1.362,0.952,-0.616,3276,2019,RS,3
202652,Alex Montgomery,-2.139,-0.408,-2.088,1711,2019,RS,3
202656,Jeanette Pohlen-Mavunga,-0.715,0.852,0.025,877,2019,RS,3
202657,Angel Robinson,-0.328,0.128,-0.422,507,2019,RS,3
202658,Danielle Robinson,1.617,-0.661,0.76,3459,2019,RS,3
202662,Jasmine Thomas,-0.106,0.459,0.323,2964,2019,RS,3
202663,Krystal Thomas,-1.409,0.613,-0.632,2004,2019,RS,3
202664,Courtney Vandersloot,1.16,-0.086,1.126,3380,2019,RS,3
202670,Carolyn Swords,-0.142,-1.22,-1.15,1634,2019,RS,3
203014,Nneka Ogwumike,1.389,1.131,1.002,3932,2019,RS,3
203015,Shekinna Stricklen,1.598,1.143,2.36,2766,2019,RS,3
203017,Glory Johnson,-1.169,-1.07,-1.409,4306,2019,RS,3
203018,Shenise Johnson,0.471,0.691,1.04,735,2019,RS,3
203024,Damiris Dantas,-0.735,0.382,-0.564,2532,2019,RS,3
203026,Tiffany Hayes,-0.018,0.088,0.629,4854,2019,RS,3
203029,Riquna Williams,0.682,0.746,0.696,2145,2019,RS,3
203041,Lynetta Kizer,0.483,-2.429,-1.839,744,2019,RS,3
203389,Yvonne Turner,-1.137,-0.657,-1.565,1609,2019,RS,3
203398,Brittney Griner,2.334,-0.121,2.017,3647,2019,RS,3
203399,Elena Delle Donne,3.492,0.663,2.271,4321,2019,RS,3
203400,Skylar Diggins,1.446,-0.056,1.627,3591,2019,RS,3
203401,Tayler Hill,-0.202,-2.304,-1.009,1354,2019,RS,3
203402,Kelsey Bone,0.404,-3.422,-2.708,665,2019,RS,3
203403,Tianna Hawkins,0.156,-1.535,-1.133,2846,2019,RS,3
203405,Kayla Alexander,0.701,-0.241,1.805,1624,2019,RS,3
203406,Layshia Clarendon,-0.612,-1.27,-1.246,2306,2019,RS,3
203410,Alex Bentley,-0.485,0.262,-0.411,2619,2019,RS,3
203411,Sugar Rodgers,0.692,0.215,1.039,2145,2019,RS,3
203416,Emma Meesseman,1.718,0.625,1.284,1829,2019,RS,3
203437,Tierra Ruffin-Pratt,-3.035,-1.971,-3.505,3465,2019,RS,3
203823,Chiney Ogwumike,-0.788,0.785,-0.113,1146,2019,RS,3
203824,Odyssey Sims,2.761,2.29,3.394,4856,2019,RS,3
203825,Kayla McBride,-1.514,0.626,-0.377,5150,2019,RS,3
203826,Alyssa Thomas,1.471,1.221,1.27,2839,2019,RS,3
203827,Natasha Howard,0.944,3.456,2.375,4459,2019,RS,3
203828,Stefanie Dolson,1.134,-0.253,0.816,3844,2019,RS,3
203829,Bria Hartley,-0.25,-2.563,-1.817,3635,2019,RS,3
203831,Natalie Achonwa,-0.758,-0.736,-0.52,2686,2019,RS,3
203833,Chelsea Gray,2.377,2.15,3.776,4911,2019,RS,3
203835,Jordan Hooper,0.393,-0.302,-0.131,785,2019,RS,3
203838,Astou Ndour-Fall,0.354,0.214,1.064,425,2019,RS,3
203849,Theresa Plaisance,-1.926,-0.497,-2.053,2096,2019,RS,3
203855,Stephanie Talbot,-1.072,1.622,-0.047,2475,2019,RS,3
203857,Jamierra Faulkner,-1.488,-0.965,-1.712,300,2019,RS,3
203859,Asia Taylor,-2.19,0.418,-0.745,955,2019,RS,3
203866,Kayla Thornton,0.852,0.094,0.944,4004,2019,RS,3
204296,Rebecca Allen,1.216,2.849,3.026,755,2019,RS,3
204297,Cayla George,0.237,2.807,2.333,1289,2019,RS,3
204317,Ramu Tokashiki,-1.899,1.526,-0.347,930,2019,RS,3
204319,Jewell Loyd,4.002,1.291,4.346,5514,2019,RS,3
204320,Amanda Zahui B,-1.046,-1.059,-1.924,1565,2019,RS,3
204321,Kaleena Mosqueda-Lewis,-0.377,-5.887,-4.368,1781,2019,RS,3
204322,Elizabeth Williams,-0.203,-0.346,0.196,5067,2019,RS,3
204324,Dearica Hamby,0.194,1.131,0.531,3077,2019,RS,3
204327,Brittany Boyd-Jones,-4.118,-0.87,-5.098,1203,2019,RS,3
204329,Kiah Stokes,-0.377,0.439,-0.214,1568,2019,RS,3
204330,Isabelle Harrison,-1.416,0.14,-0.921,2658,2019,RS,3
204333,Natasha Cloud,4.779,2.612,4.663,3434,2019,RS,3
204334,Reshanda Gray,-0.194,-0.858,-0.804,508,2019,RS,3
204335,Betnijah Laney-Hamilton,-2.255,1.406,-1.047,532,2019,RS,3
204355,Blake Dietrick,-1.494,-0.341,-1.597,495,2019,RS,3
204365,Erica Wheeler,-1.849,-0.201,-1.307,3336,2019,RS,3
1627668,Breanna Stewart,1.129,2.181,2.152,4384,2019,RS,3
1627669,Moriah Jefferson,-1.176,0.033,-0.674,1367,2019,RS,3
1627670,Morgan Tuck,-0.766,1.037,0.193,801,2019,RS,3
1627671,Rachel Banham,-2.26,-0.126,-1.597,568,2019,RS,3
1627672,Aerial Powers,0.22,1.735,0.888,2067,2019,RS,3
1627673,Jonquel Jones,2.147,1.304,1.833,2318,2019,RS,3
1627674,Kahleah Copper,-2.696,-0.594,-2.245,1598,2019,RS,3
1627675,Courtney Williams,2.831,-1.267,0.796,2576,2019,RS,3
1627676,Tiffany Mitchell,-0.271,-1.569,-0.321,2342,2019,RS,3
1627677,Imani McGee-Stafford,0.337,1.87,0.625,1962,2019,RS,3
1627678,Bria Holmes,-1.162,1.359,0.137,1612,2019,RS,3
1627681,Jazmon Gwathmey,-1.579,0.189,-1.309,1144,2019,RS,3
1627689,Bashaara Graves,-0.331,0.499,-0.061,329,2019,RS,3
1627701,Temi Fagbenle,-1.474,0.928,-0.218,1249,2019,RS,3
1628242,Emma Cannon,0.882,1.663,1.855,1025,2019,RS,3
1628244,Sami Whitcomb,-1.252,-4.078,-3.702,2205,2019,RS,3
1628248,Nayo Raincock-Ekunwe,0.874,0.024,1.237,472,2019,RS,3
1628263,Lindsay Allen,0.084,0.913,0.868,821,2019,RS,3
1628267,Saniya Chong,-0.867,0.688,-0.272,1194,2019,RS,3
1628268,Alaina Coates,0.486,0.598,0.467,739,2019,RS,3
1628269,Nia Coffey,-2.933,1.492,-0.911,1779,2019,RS,3
1628273,Kaela Davis,-3.287,1.5,-0.78,2858,2019,RS,3
1628276,Kelsey Plum,2.3,-1.291,1.062,4087,2019,RS,3
1628277,Allisha Gray,1.848,-1.227,1.131,4508,2019,RS,3
1628278,Shatori Walker-Kimbrough,1.658,1.328,1.468,1862,2019,RS,3
1628279,Brittney Sykes,-0.498,-0.348,-0.168,4193,2019,RS,3
1628282,Sydney Wiese,-1.525,1.121,-0.529,1082,2019,RS,3
1628283,Alexis Jones,-1.338,0.939,0.131,1191,2019,RS,3
1628284,Alexis Peterson,-0.986,0.793,-0.226,311,2019,RS,3
1628286,Erica McCall,-1.787,0.493,-0.709,1295,2019,RS,3
1628292,Breanna Lewis,-1.486,0.622,-0.862,398,2019,RS,3
1628508,Cecilia Zandalasini,-1.147,-0.515,-1.065,917,2019,RS,3
1628878,Ariel Atkins,4.422,1.682,2.825,2318,2019,RS,3
1628881,Monique Billings,1.156,1.557,2.059,1402,2019,RS,3
1628882,Lexie Brown,-1.328,0.765,-0.985,941,2019,RS,3
1628886,Jordin Canada,0.568,-3.621,-2.562,2409,2019,RS,3
1628890,Diamond DeShields,1.162,0.196,1.466,2158,2019,RS,3
1628895,Marie Gülich,-0.912,-0.665,-1.572,566,2019,RS,3
1628899,Myisha Hines-Allen,0.464,-0.669,-1.015,553,2019,RS,3
1628907,Brooke McCarty-Williams,-1.514,0.357,-0.614,618,2019,RS,3
1628909,Kelsey Mitchell,-1.133,0.693,0.572,882,2019,RS,3
1628913,Jaime Nared,-0.545,0.476,1.577,520,2019,RS,3
1628915,Kia Nurse,-0.283,-1.025,-0.249,2592,2019,RS,3
1628917,JiSu Park,-1.125,1.078,-0.377,1023,2019,RS,3
1628920,Mercedes Russell,0.069,1.32,1.911,1595,2019,RS,3
1628922,Azurá Stevens,-2.523,-0.437,-2.985,1672,2019,RS,3
1628927,Victoria Vivians,-0.477,-0.75,-0.799,1006,2019,RS,3
1628931,Gabby Williams,-1.46,-0.831,-1.612,1436,2019,RS,3
1628932,A'ja Wilson,3.358,-3.156,0.644,2622,2019,RS,3
1629476,Asia (AD) Durr,-1.486,-0.61,-0.864,762,2019,RS,3
1629479,Teaira McCowan,1.369,1.117,2.233,349,2019,RS,3
1629481,Arike Ogunbowale,-1.202,-0.731,-0.993,1279,2019,RS,3
1629483,Napheesa Collier,-0.246,1.822,0.492,1596,2019,RS,3
1629485,Kristine Anigwe,-0.489,-0.82,-1.026,318,2019,RS,3
1629498,Jackie Young,-2.257,-0.298,-2.269,832,2019,RS,3
1629569,Maite Cazorla,-0.011,0.564,1.091,640,2019,RS,3
100720,Sue Bird,2.823,0.411,2.185,2390,2020,RS,3
100915,Lindsay Whalen,0.804,0.996,1.756,1013,2020,RS,3
100940,Diana Taurasi,2.962,0.023,2.393,2376,2020,RS,3
100944,Rebekkah Brunson,-1.316,1.071,0.185,1091,2020,RS,3
100949,Alana Beard,-0.638,-0.495,-0.428,1462,2020,RS,3
101023,Sancho Lyttle,1.434,-0.913,0.42,989,2020,RS,3
101030,Tanisha Wright,-0.084,-0.473,-0.529,2094,2020,RS,3
200665,Cappie Pondexter,-1.049,-0.189,-1.136,780,2020,RS,3
200671,Seimone Augustus,1.069,0.887,1.517,2624,2020,RS,3
200673,Monique Currie,0.853,-2.164,-0.95,882,2020,RS,3
200676,Candice Dupree,-1.292,-0.595,-0.655,2403,2020,RS,3
201067,Camille Smith,-0.868,-3.411,-4.056,313,2020,RS,3
201477,Tamera Young,0.459,-0.98,-0.202,1792,2020,RS,3
201480,Sylvia Fowles,1.448,-0.129,1.015,3332,2020,RS,3
201496,Candace Parker,1.238,0.746,1.523,3446,2020,RS,3
201502,Essence Carson,-0.554,1.524,0.597,2535,2020,RS,3
201506,LaToya Sanders,11.536,0.21,8.532,2136,2020,RS,3
201507,Leilani Mitchell,-1.842,-3.276,-2.796,2754,2020,RS,3
201516,Allie Quigley,1.675,-0.721,1.162,2916,2020,RS,3
201518,Crystal Langhorne,-1.619,-4.625,-3.445,1948,2020,RS,3
201881,Angel McCoughtry,2.706,1.709,3.792,2039,2020,RS,3
201886,DeWanna Bonner,-0.03,0.698,0.991,3630,2020,RS,3
201889,Marissa Coleman,0.169,-0.781,-0.653,834,2020,RS,3
201896,Briann January,-1.456,-0.767,-1.222,2692,2020,RS,3
201904,Renee Montgomery,-3.103,-0.835,-2.793,3144,2020,RS,3
201907,Courtney Paris,2.764,-6.254,-3.038,853,2020,RS,3
201911,Kristi Toliver,7.581,-1.503,3.902,3005,2020,RS,3
201913,Kia Vaughn,0.808,-0.803,0.135,2211,2020,RS,3
201919,Shavonte Zellous,-3.263,-0.397,-1.917,1402,2020,RS,3
202250,Tina Charles,0.782,0.441,2.383,3136,2020,RS,3
202252,Alysha Clark,2.492,2.44,3.31,4588,2020,RS,3
202259,Epiphanny Prince,-1.115,-1.602,-1.448,1055,2020,RS,3
202632,Maya Moore,-0.106,1.143,1.451,1789,2020,RS,3
202633,Liz Cambage,0.062,1.488,1.422,2402,2020,RS,3
202638,Jessica Breland,-2.443,0.406,-1.055,3008,2020,RS,3
202640,Karima Christmas-Kelly,0.437,1.405,-1.474,473,2020,RS,3
202641,Sydney Colson,-2.107,0.016,-1.904,481,2020,RS,3
202650,Jantel Lavender,-0.741,0.589,-0.445,1884,2020,RS,3
202658,Danielle Robinson,0.905,0.135,0.492,3616,2020,RS,3
202662,Jasmine Thomas,-0.366,1.442,0.6,2489,2020,RS,3
202663,Krystal Thomas,-1.569,0.376,-1.174,474,2020,RS,3
202664,Courtney Vandersloot,3.828,1.809,5.121,2730,2020,RS,3
202670,Carolyn Swords,0.201,-1.377,-0.479,1854,2020,RS,3
203014,Nneka Ogwumike,-0.451,2.282,1.41,2853,2020,RS,3
203015,Shekinna Stricklen,0.24,1.353,2.324,2261,2020,RS,3
203017,Glory Johnson,-1.861,-0.379,-1.769,2575,2020,RS,3
203018,Shenise Johnson,-1.594,1.812,-0.688,456,2020,RS,3
203024,Damiris Dantas,-0.301,0.429,-0.184,2059,2020,RS,3
203026,Tiffany Hayes,0.286,0.587,1.216,3244,2020,RS,3
203029,Riquna Williams,2.027,2.074,2.238,2127,2020,RS,3
203035,Shey Peddy,-1.671,1.808,-1.267,508,2020,RS,3
203041,Lynetta Kizer,0.213,-1.735,-1.34,411,2020,RS,3
203043,Jacki Gemelos,-1.599,-0.09,-0.817,415,2020,RS,3
203389,Yvonne Turner,-0.438,-2.739,-2.94,751,2020,RS,3
203398,Brittney Griner,0.837,0.328,1.404,3205,2020,RS,3
203399,Elena Delle Donne,3.056,1.394,1.84,2946,2020,RS,3
203400,Skylar Diggins,3.755,1.364,3.361,3146,2020,RS,3
203401,Tayler Hill,0.052,-0.304,0.364,363,2020,RS,3
203402,Kelsey Bone,0.133,-3.208,-2.541,665,2020,RS,3
203403,Tianna Hawkins,-1.778,-2.704,-3.628,2332,2020,RS,3
203405,Kayla Alexander,-0.38,1.693,1.09,613,2020,RS,3
203406,Layshia Clarendon,-3.016,0.972,-1.036,1662,2020,RS,3
203410,Alex Bentley,-0.38,0.3,-0.105,1823,2020,RS,3
203411,Sugar Rodgers,0.247,0.89,1.038,1859,2020,RS,3
203416,Emma Meesseman,-1.362,2.586,0.837,2054,2020,RS,3
203437,Tierra Ruffin-Pratt,-3.04,-1.74,-3.725,2324,2020,RS,3
203823,Chiney Ogwumike,-0.868,0.832,0.014,1146,2020,RS,3
203824,Odyssey Sims,2.664,1.312,3.193,3749,2020,RS,3
203825,Kayla McBride,-0.271,-0.154,-0.15,4351,2020,RS,3
203826,Alyssa Thomas,0.598,1.962,1.416,2470,2020,RS,3
203827,Natasha Howard,-1.414,3.18,0.221,4153,2020,RS,3
203828,Stefanie Dolson,1.884,-0.198,0.658,2656,2020,RS,3
203829,Bria Hartley,-0.322,-2.437,-2.15,2929,2020,RS,3
203831,Natalie Achonwa,-1.827,-1.752,-2.147,1808,2020,RS,3
203833,Chelsea Gray,0.838,1.269,2.018,3618,2020,RS,3
203838,Astou Ndour-Fall,-2.231,-0.358,-1.77,567,2020,RS,3
203849,Theresa Plaisance,-1.773,1.138,-1.824,930,2020,RS,3
203855,Stephanie Talbot,-1.892,1.377,-0.257,1619,2020,RS,3
203857,Jamierra Faulkner,-0.864,-0.623,-1.409,300,2020,RS,3
203859,Asia Taylor,-0.864,0.403,-0.198,333,2020,RS,3
203866,Kayla Thornton,1.597,1.156,1.968,3708,2020,RS,3
204296,Rebecca Allen,1.375,3.411,3.737,661,2020,RS,3
204297,Cayla George,-0.573,0.589,0.078,488,2020,RS,3
204319,Jewell Loyd,4.583,2.119,5.224,4747,2020,RS,3
204320,Amanda Zahui B,-2.301,0.418,-0.786,2384,2020,RS,3
204321,Kaleena Mosqueda-Lewis,-1.991,-7.71,-6.97,1506,2020,RS,3
204322,Elizabeth Williams,0.262,0.218,1.273,3938,2020,RS,3
204323,Cheyenne Parker-Tyus,0.679,0.11,0.277,514,2020,RS,3
204324,Dearica Hamby,1.644,2.289,1.863,2759,2020,RS,3
204327,Brittany Boyd-Jones,-2.641,-1.081,-3.255,1179,2020,RS,3
204329,Kiah Stokes,-2.445,1.125,-0.551,1763,2020,RS,3
204330,Isabelle Harrison,-3.475,-1.204,-3.744,1402,2020,RS,3
204333,Natasha Cloud,6.145,2.343,5.318,2468,2020,RS,3
204334,Reshanda Gray,-1.319,-0.433,-1.717,508,2020,RS,3
204335,Betnijah Laney-Hamilton,-2.395,1.303,-0.708,1305,2020,RS,3
204355,Blake Dietrick,-1.667,-0.506,-2.101,1033,2020,RS,3
204365,Erica Wheeler,-1.679,0.86,-0.155,1582,2020,RS,3
1627668,Breanna Stewart,2.192,2.335,2.237,3729,2020,RS,3
1627669,Moriah Jefferson,-3.009,-0.055,-2.894,665,2020,RS,3
1627670,Morgan Tuck,-0.764,0.249,-0.969,532,2020,RS,3
1627671,Rachel Banham,0.571,-0.677,0.124,1152,2020,RS,3
1627672,Aerial Powers,1.207,2.168,1.733,1800,2020,RS,3
1627673,Jonquel Jones,1.028,0.004,0.941,1289,2020,RS,3
1627674,Kahleah Copper,0.553,0.687,0.994,1612,2020,RS,3
1627675,Courtney Williams,1.247,-1.644,0.126,2296,2020,RS,3
1627676,Tiffany Mitchell,-1.04,-1.647,-1.497,1203,2020,RS,3
1627677,Imani McGee-Stafford,2.241,1.602,2.621,1022,2020,RS,3
1627678,Bria Holmes,-2.625,-0.924,-3.526,794,2020,RS,3
1627700,Julie Allemand,1.601,-1.04,0.52,643,2020,RS,3
1627701,Temi Fagbenle,-0.908,1.012,0.049,1073,2020,RS,3
1628244,Sami Whitcomb,0.936,-4.29,-2.286,2248,2020,RS,3
1628263,Lindsay Allen,-1.177,0.85,0.035,1400,2020,RS,3
1628268,Alaina Coates,-1.481,1.238,-0.017,1251,2020,RS,3
1628269,Nia Coffey,-0.551,1.182,0.621,2080,2020,RS,3
1628273,Kaela Davis,-2.239,1.47,0.966,1732,2020,RS,3
1628276,Kelsey Plum,1.238,-1.058,0.768,2528,2020,RS,3
1628277,Allisha Gray,3.205,-0.805,2.356,3916,2020,RS,3
1628278,Shatori Walker-Kimbrough,4.199,3.502,4.06,1984,2020,RS,3
1628279,Brittney Sykes,1.341,1.569,1.784,3620,2020,RS,3
1628280,Brionna Jones,0.453,2.509,1.92,708,2020,RS,3
1628282,Sydney Wiese,-1.417,0.687,-0.59,1264,2020,RS,3
1628283,Alexis Jones,-1.606,0.493,-1.198,740,2020,RS,3
1628286,Erica McCall,0.04,0.885,0.162,890,2020,RS,3
1628508,Cecilia Zandalasini,-0.667,-0.46,-0.741,870,2020,RS,3
1628878,Ariel Atkins,3.719,1.034,2.736,3758,2020,RS,3
1628881,Monique Billings,-0.307,0.355,-0.876,2112,2020,RS,3
1628882,Lexie Brown,-2.204,1.533,-1.925,1630,2020,RS,3
1628886,Jordin Canada,1.109,-1.918,-0.517,3485,2020,RS,3
1628890,Diamond DeShields,-1.184,-0.323,-1.116,2530,2020,RS,3
1628895,Marie Gülich,0.477,-0.24,-0.162,851,2020,RS,3
1628899,Myisha Hines-Allen,1.708,-2.067,-0.182,1701,2020,RS,3
1628906,Stephanie Mavunga,-0.254,0.556,1.125,320,2020,RS,3
1628907,Brooke McCarty-Williams,-1.063,0.555,-0.362,618,2020,RS,3
1628909,Kelsey Mitchell,0.102,-0.097,0.857,1595,2020,RS,3
1628913,Jaime Nared,-0.668,1.396,0.972,520,2020,RS,3
1628915,Kia Nurse,-2.116,-1.904,-1.93,3733,2020,RS,3
1628917,JiSu Park,-0.616,1.418,0.392,1023,2020,RS,3
1628920,Mercedes Russell,-0.779,1.993,1.346,2305,2020,RS,3
1628922,Azurá Stevens,-2.265,-0.156,-2.417,2237,2020,RS,3
1628927,Victoria Vivians,-0.288,-0.824,0.326,1094,2020,RS,3
1628931,Gabby Williams,-1.755,-0.299,-1.861,2033,2020,RS,3
1628932,A'ja Wilson,3.295,-1.689,0.712,3753,2020,RS,3
1629476,Asia (AD) Durr,-1.391,0.069,-1.04,762,2020,RS,3
1629478,Katie Lou Samuelson,-0.029,-0.65,-0.244,1059,2020,RS,3
1629479,Teaira McCowan,1.688,1.389,3.108,767,2020,RS,3
1629480,Kalani Brown,-1.217,-0.301,-1.001,312,2020,RS,3
1629481,Arike Ogunbowale,-0.355,-0.339,-0.426,2653,2020,RS,3
1629482,Sophie Cunningham,-0.721,0.943,0.193,1037,2020,RS,3
1629483,Napheesa Collier,1.355,0.586,0.736,2742,2020,RS,3
1629484,Megan Gustafson,-0.151,-0.21,0.622,376,2020,RS,3
1629485,Kristine Anigwe,0.867,-0.204,-0.15,765,2020,RS,3
1629488,Brianna Turner,1.66,0.678,0.35,1488,2020,RS,3
1629492,Beatrice Mompremier,-1.002,-0.052,-1.533,363,2020,RS,3
1629496,Ezi Magbegor,1.891,1.469,1.375,805,2020,RS,3
1629497,Marina Mabrey,1.019,1.086,1.1,885,2020,RS,3
1629498,Jackie Young,-0.837,1.565,0.26,1958,2020,RS,3
1629501,Alanna Smith,1.142,1.645,1.758,833,2020,RS,3
1629502,Paris Kea,-2.207,-0.739,-2.725,317,2020,RS,3
1629506,Kiara Leslie,-2.249,-1.928,-3.177,788,2020,RS,3
1629524,Bridget Carleton,2.92,-0.938,2.116,1045,2020,RS,3
1629567,Natisha Hiedeman,-2.543,-0.471,-1.761,753,2020,RS,3
1629568,Kennedy Burke,0.173,-2.073,-1.449,737,2020,RS,3
1629569,Maite Cazorla,0.404,0.885,1.548,640,2020,RS,3
1630093,Bella Alarie,1.066,0.274,0.015,700,2020,RS,3
1630097,Kaila Charles,-1.194,0.857,-0.719,475,2020,RS,3
1630099,Te'a Cooper,1.052,1.248,1.428,637,2020,RS,3
1630101,Crystal Dangerfield,1.808,-2.37,-0.143,998,2020,RS,3
1630112,Tyasha Harris,0.752,-0.447,-0.28,906,2020,RS,3
1630113,Ruthy Hebard,1.303,-0.111,0.872,508,2020,RS,3
1630114,Mikiah Herbert Harrigan,-0.228,0.333,-0.36,684,2020,RS,3
1630115,Joyner Holmes,-1.45,-1.49,-0.838,609,2020,RS,3
1630119,Jazmine Jones,-1.541,-0.632,-2.514,936,2020,RS,3
1630127,Leaonna Odom,-0.92,1.062,1.363,1131,2020,RS,3
1630131,Kylee Shook,-3.558,-0.409,-2.648,791,2020,RS,3
1630136,Megan Walker,-2.106,-3.12,-3.465,551,2020,RS,3
1630139,Jocelyn Willoughby,-2.224,-1.709,-2.938,820,2020,RS,3
1630149,Satou Sabally,0.048,0.023,0.493,753,2020,RS,3
1630150,Chennedy Carter,0.14,-0.73,-0.448,449,2020,RS,3
100720,Sue Bird,3.04,-0.499,1.653,2216,2021,RS,3
100940,Diana Taurasi,0.066,0.795,0.407,2053,2021,RS,3
101023,Sancho Lyttle,-0.607,-0.127,-1.103,326,2021,RS,3
101030,Tanisha Wright,1.27,0.042,1.212,864,2021,RS,3
200671,Seimone Augustus,2.067,0.628,1.932,1209,2021,RS,3
200676,Candice Dupree,-1.637,-1.309,-1.994,2283,2021,RS,3
201480,Sylvia Fowles,2.208,2.209,2.938,3350,2021,RS,3
201496,Candace Parker,0.099,-0.156,0.414,2839,2021,RS,3
201502,Essence Carson,-2.424,0.232,-1.957,1214,2021,RS,3
201506,LaToya Sanders,5.126,1.441,4.376,1136,2021,RS,3
201507,Leilani Mitchell,-1.041,-2.55,-1.805,3579,2021,RS,3
201516,Allie Quigley,4.448,-1.121,3.071,3211,2021,RS,3
201518,Crystal Langhorne,-0.058,-0.991,-0.809,1146,2021,RS,3
201881,Angel McCoughtry,-16.653,-0.868,-14.503,677,2021,RS,3
201886,DeWanna Bonner,0.425,1.086,0.586,3419,2021,RS,3
201896,Briann January,-0.836,2.919,1.157,2467,2021,RS,3
201904,Renee Montgomery,-3.126,-1.01,-2.683,1453,2021,RS,3
201911,Kristi Toliver,3.339,-0.908,1.091,1843,2021,RS,3
201913,Kia Vaughn,0.398,-1.563,-0.991,2156,2021,RS,3
201919,Shavonte Zellous,-1.99,-0.253,-1.294,1284,2021,RS,3
202250,Tina Charles,1.023,0.213,2.241,2930,2021,RS,3
202252,Alysha Clark,2.349,0.408,1.529,2740,2021,RS,3
202259,Epiphanny Prince,-0.257,0.024,-1.099,1119,2021,RS,3
202633,Liz Cambage,-0.667,0.74,-0.56,1940,2021,RS,3
202638,Jessica Breland,-2.163,-1.212,-2.718,1850,2021,RS,3
202641,Sydney Colson,-1.318,-0.446,-1.499,481,2021,RS,3
202650,Jantel Lavender,-0.575,-2.665,-1.386,1626,2021,RS,3
202658,Danielle Robinson,1.845,-0.288,1.033,3378,2021,RS,3
202662,Jasmine Thomas,1.039,2.587,2.379,2619,2021,RS,3
202664,Courtney Vandersloot,3.091,0.647,2.434,3608,2021,RS,3
202670,Carolyn Swords,0.531,-0.246,0.645,1188,2021,RS,3
203014,Nneka Ogwumike,-1.646,1.567,-0.334,2163,2021,RS,3
203015,Shekinna Stricklen,-1.155,1.285,-0.156,1751,2021,RS,3
203017,Glory Johnson,-1.518,-1.102,-1.498,1262,2021,RS,3
203018,Shenise Johnson,-0.73,1.053,0.503,456,2021,RS,3
203024,Damiris Dantas,0.354,-1.15,-0.455,2802,2021,RS,3
203026,Tiffany Hayes,-0.44,0.534,0.622,2020,2021,RS,3
203029,Riquna Williams,0.185,0.418,0.532,2945,2021,RS,3
203035,Shey Peddy,-2.252,0.138,-1.762,1713,2021,RS,3
203043,Jacki Gemelos,-0.62,-0.075,-0.359,415,2021,RS,3
203398,Brittney Griner,0.755,2.855,3.021,3396,2021,RS,3
203399,Elena Delle Donne,6.092,2.326,7.027,1462,2021,RS,3
203400,Skylar Diggins,5.335,1.239,4.54,3294,2021,RS,3
203403,Tianna Hawkins,-0.997,-1.75,-2.078,1958,2021,RS,3
203405,Kayla Alexander,0.176,1.219,0.998,380,2021,RS,3
203406,Layshia Clarendon,-0.37,0.771,1.011,2020,2021,RS,3
203410,Alex Bentley,-1.062,0.326,-0.252,849,2021,RS,3
203411,Sugar Rodgers,0.257,1.043,0.177,1018,2021,RS,3
203416,Emma Meesseman,0.353,1.534,1.272,2054,2021,RS,3
203437,Tierra Ruffin-Pratt,-1.035,-0.637,-1.267,1306,2021,RS,3
203823,Chiney Ogwumike,-1.086,1.455,-0.204,361,2021,RS,3
203824,Odyssey Sims,-1.153,0.86,-0.199,3246,2021,RS,3
203825,Kayla McBride,0.617,-0.924,0.332,4387,2021,RS,3
203826,Alyssa Thomas,-1.469,0.454,-0.649,1888,2021,RS,3
203827,Natasha Howard,-1.428,0.742,-0.484,2869,2021,RS,3
203828,Stefanie Dolson,1.637,-0.003,0.923,2580,2021,RS,3
203829,Bria Hartley,0.631,-2.291,-1.129,1554,2021,RS,3
203831,Natalie Achonwa,-0.733,-0.046,-0.8,1293,2021,RS,3
203833,Chelsea Gray,-0.79,0.906,0.236,3495,2021,RS,3
203838,Astou Ndour-Fall,-1.53,0.245,-1.195,1080,2021,RS,3
203849,Theresa Plaisance,-3.448,0.321,-2.958,1826,2021,RS,3
203855,Stephanie Talbot,-1.427,0.981,-0.187,2332,2021,RS,3
203866,Kayla Thornton,0.524,0.354,0.654,3605,2021,RS,3
204296,Rebecca Allen,-2.955,1.691,-2.008,1217,2021,RS,3
204319,Jewell Loyd,2.434,0.717,1.906,4496,2021,RS,3
204320,Amanda Zahui B,-3.318,-0.491,-2.22,2880,2021,RS,3
204321,Kaleena Mosqueda-Lewis,-2.211,-0.991,-2.781,727,2021,RS,3
204322,Elizabeth Williams,-1.2,0.638,0.01,2916,2021,RS,3
204323,Cheyenne Parker-Tyus,-0.32,0.613,-0.446,619,2021,RS,3
204324,Dearica Hamby,1.699,2.664,2.476,3224,2021,RS,3
204325,Crystal Bradford,-0.543,1.143,-0.237,424,2021,RS,3
204327,Brittany Boyd-Jones,-3.428,0.385,-4.026,712,2021,RS,3
204329,Kiah Stokes,-0.643,0.769,0.502,1937,2021,RS,3
204330,Isabelle Harrison,-1.634,-0.063,-1.206,2630,2021,RS,3
204333,Natasha Cloud,1.643,3.242,2.619,2922,2021,RS,3
204334,Reshanda Gray,0.797,-1.355,0.334,811,2021,RS,3
204335,Betnijah Laney-Hamilton,-1.693,0.666,0.182,2651,2021,RS,3
204355,Blake Dietrick,-2.336,-0.186,-2.058,919,2021,RS,3
204365,Erica Wheeler,-1.849,0.72,-0.278,1938,2021,RS,3
1627668,Breanna Stewart,3.412,1.935,2.884,3341,2021,RS,3
1627669,Moriah Jefferson,-2.415,-0.404,-2.546,1000,2021,RS,3
1627670,Morgan Tuck,-0.56,-0.146,-0.687,365,2021,RS,3
1627671,Rachel Banham,1.543,1.153,1.643,1741,2021,RS,3
1627672,Aerial Powers,2.213,1.889,2.97,1768,2021,RS,3
1627673,Jonquel Jones,4.785,1.583,4.414,1789,2021,RS,3
1627674,Kahleah Copper,1.76,0.94,2.155,2933,2021,RS,3
1627675,Courtney Williams,0.234,-1.489,-0.507,2761,2021,RS,3
1627676,Tiffany Mitchell,-1.579,-1.516,-1.607,1260,2021,RS,3
1627677,Imani McGee-Stafford,1.5,1.566,2.664,373,2021,RS,3
1627678,Bria Holmes,-4.248,-1.345,-4.64,1381,2021,RS,3
1627700,Julie Allemand,2.044,-1.187,0.88,643,2021,RS,3
1627701,Temi Fagbenle,-0.536,0.509,0.259,408,2021,RS,3
1628242,Emma Cannon,-0.046,-0.463,0.097,403,2021,RS,3
1628244,Sami Whitcomb,2.061,-1.961,0.507,3171,2021,RS,3
1628263,Lindsay Allen,2.129,-1.327,1.663,1467,2021,RS,3
1628268,Alaina Coates,-1.331,0.669,-0.281,822,2021,RS,3
1628269,Nia Coffey,0.578,-0.053,0.338,2362,2021,RS,3
1628273,Kaela Davis,-2.081,0.935,-0.519,885,2021,RS,3
1628276,Kelsey Plum,0.194,-0.796,-0.612,2405,2021,RS,3
1628277,Allisha Gray,1.138,-0.505,0.635,3459,2021,RS,3
1628278,Shatori Walker-Kimbrough,4.481,2.512,4.695,2365,2021,RS,3
1628279,Brittney Sykes,-0.203,0.672,0.607,3550,2021,RS,3
1628280,Brionna Jones,1.557,1.923,2.276,1707,2021,RS,3
1628282,Sydney Wiese,-1.142,-1.009,-1.03,2160,2021,RS,3
1628286,Erica McCall,0.405,-0.589,-0.185,1351,2021,RS,3
1628317,Karlie Samuelson,1.018,-0.756,1.183,341,2021,RS,3
1628878,Ariel Atkins,1.143,0.13,0.456,4014,2021,RS,3
1628881,Monique Billings,-1.295,-0.817,-2.058,2287,2021,RS,3
1628882,Lexie Brown,-2.67,0.717,-2.2,1932,2021,RS,3
1628886,Jordin Canada,1.415,2.937,3.156,3532,2021,RS,3
1628890,Diamond DeShields,-2.368,0.398,-1.744,3211,2021,RS,3
1628895,Marie Gülich,1.131,-0.562,0.27,755,2021,RS,3
1628899,Myisha Hines-Allen,0.948,-1.901,-0.967,1984,2021,RS,3
1628907,Brooke McCarty-Williams,-0.785,0.442,-0.134,618,2021,RS,3
1628909,Kelsey Mitchell,-0.453,-0.55,-0.199,2265,2021,RS,3
1628915,Kia Nurse,-2.255,-2.593,-2.783,4116,2021,RS,3
1628917,JiSu Park,-0.216,-0.598,-1.117,650,2021,RS,3
1628920,Mercedes Russell,1.677,-0.044,1.19,3315,2021,RS,3
1628922,Azurá Stevens,-0.561,0.152,-0.65,2090,2021,RS,3
1628927,Victoria Vivians,1.026,-1.752,-0.976,1206,2021,RS,3
1628931,Gabby Williams,0.25,0.151,0.362,945,2021,RS,3
1628932,A'ja Wilson,3.492,-0.593,2.827,3997,2021,RS,3
1629476,Asia (AD) Durr,-1.203,-0.247,-1.037,762,2021,RS,3
1629477,Sabrina Ionescu,-0.714,-1.946,-1.152,1501,2021,RS,3
1629478,Katie Lou Samuelson,1.426,-0.397,0.765,2138,2021,RS,3
1629479,Teaira McCowan,2.593,0.463,2.737,1899,2021,RS,3
1629480,Kalani Brown,-3.077,-0.775,-2.212,312,2021,RS,3
1629481,Arike Ogunbowale,0.998,-2.131,-0.328,4515,2021,RS,3
1629482,Sophie Cunningham,-0.695,0.374,-0.764,2246,2021,RS,3
1629483,Napheesa Collier,2.073,0.124,1.246,4622,2021,RS,3
1629484,Megan Gustafson,0.383,-0.034,1.019,539,2021,RS,3
1629485,Kristine Anigwe,0.39,-0.525,-0.301,1073,2021,RS,3
1629488,Brianna Turner,2.588,0.16,1.223,3399,2021,RS,3
1629491,Jessica Shepard,-0.398,0.958,0.824,1011,2021,RS,3
1629492,Beatrice Mompremier,-0.537,0.369,-0.983,710,2021,RS,3
1629496,Ezi Magbegor,0.453,0.586,-0.701,1700,2021,RS,3
1629497,Marina Mabrey,2.205,0.216,1.419,2426,2021,RS,3
1629498,Jackie Young,1.199,0.881,0.896,3941,2021,RS,3
1629501,Alanna Smith,-0.361,1.865,-0.455,1229,2021,RS,3
1629502,Paris Kea,-1.102,-0.886,-1.585,317,2021,RS,3
1629506,Kiara Leslie,-1.454,-1.793,-2.639,977,2021,RS,3
1629524,Bridget Carleton,2.611,0.674,1.91,2287,2021,RS,3
1629567,Natisha Hiedeman,-0.536,-0.663,-0.9,1275,2021,RS,3
1629568,Kennedy Burke,-0.527,-2.533,-2.283,1057,2021,RS,3
1629569,Maite Cazorla,0.901,0.798,2.096,640,2021,RS,3
1630093,Bella Alarie,1.095,2.132,2.093,1503,2021,RS,3
1630097,Kaila Charles,-0.092,2.069,1.574,925,2021,RS,3
1630099,Te'a Cooper,-0.614,2.322,0.724,1725,2021,RS,3
1630100,Lauren Cox,-0.171,-0.557,-1.312,724,2021,RS,3
1630101,Crystal Dangerfield,-0.99,-1.746,-2.46,2324,2021,RS,3
1630112,Tyasha Harris,0.599,-0.845,-0.594,1938,2021,RS,3
1630113,Ruthy Hebard,1.294,-0.433,-0.244,1548,2021,RS,3
1630114,Mikiah Herbert Harrigan,0.701,-0.919,0.835,684,2021,RS,3
1630115,Joyner Holmes,0.315,-2.079,0.022,639,2021,RS,3
1630119,Jazmine Jones,-3.464,-1.315,-3.606,1557,2021,RS,3
1630127,Leaonna Odom,-0.999,0.737,0.831,1546,2021,RS,3
1630131,Kylee Shook,-3.756,-0.294,-2.228,1928,2021,RS,3
1630136,Megan Walker,-3.058,-2.595,-3.977,1459,2021,RS,3
1630139,Jocelyn Willoughby,-1.901,-1.893,-2.97,820,2021,RS,3
1630149,Satou Sabally,0.02,1.062,1.754,1538,2021,RS,3
1630150,Chennedy Carter,0.736,-0.377,0.518,742,2021,RS,3
1630389,Dana Evans,-1.51,-0.808,-1.652,620,2021,RS,3
1630438,Kysre Gondrezick,-0.544,-1.649,-1.757,425,2021,RS,3
1630441,Arella Guirantes,-1.738,0.266,-1.107,398,2021,RS,3
1630446,Michaela Onyenwere,0.012,-0.78,0.316,1231,2021,RS,3
1630454,Charli Collier,-0.097,-2.079,-1.095,766,2021,RS,3
1630459,DiDi Richards,-1.484,0.027,-1.46,680,2021,RS,3
1630462,Aari McDonald,-1.325,0.487,-0.891,510,2021,RS,3
100720,Sue Bird,2.257,-0.585,0.859,4239,2022,RS,3
100940,Diana Taurasi,0.127,0.262,0.053,3357,2022,RS,3
200671,Seimone Augustus,2.148,1.051,2.378,930,2022,RS,3
200676,Candice Dupree,-0.059,-1.894,-1.419,1590,2022,RS,3
201480,Sylvia Fowles,1.186,1.678,2.238,3097,2022,RS,3
201496,Candace Parker,0.094,1.583,1.122,3995,2022,RS,3
201502,Essence Carson,-1.955,0.283,-1.627,700,2022,RS,3
201507,Leilani Mitchell,-0.48,-0.604,-0.674,2654,2022,RS,3
201516,Allie Quigley,3.69,-0.39,2.495,3912,2022,RS,3
201881,Angel McCoughtry,0.051,0.514,-0.889,724,2022,RS,3
201886,DeWanna Bonner,1.655,1.204,1.866,3062,2022,RS,3
201896,Briann January,-1.251,2.055,-0.074,2748,2022,RS,3
201911,Kristi Toliver,-0.165,-1.438,-0.592,1088,2022,RS,3
201913,Kia Vaughn,-0.348,-0.708,-0.587,3046,2022,RS,3
201919,Shavonte Zellous,0.137,1.087,0.829,659,2022,RS,3
202250,Tina Charles,1.32,1.073,3.053,3080,2022,RS,3
202252,Alysha Clark,3.138,2.645,3.785,2711,2022,RS,3
202259,Epiphanny Prince,-0.496,-0.854,-1.747,1797,2022,RS,3
202633,Liz Cambage,-2.07,-0.214,-1.964,1761,2022,RS,3
202638,Jessica Breland,0.205,-1.107,-0.822,667,2022,RS,3
202641,Sydney Colson,-2.463,-0.265,-1.55,586,2022,RS,3
202650,Jantel Lavender,-2.611,-2.796,-3.202,1512,2022,RS,3
202658,Danielle Robinson,-1.886,-0.378,-1.263,2807,2022,RS,3
202662,Jasmine Thomas,-0.316,2.829,1.531,1721,2022,RS,3
202664,Courtney Vandersloot,3.704,0.489,2.421,3874,2022,RS,3
202670,Carolyn Swords,-0.637,0.188,-0.154,963,2022,RS,3
203014,Nneka Ogwumike,-1.249,0.094,-0.99,2187,2022,RS,3
203015,Shekinna Stricklen,-1.785,0.767,-0.508,816,2022,RS,3
203018,Shenise Johnson,-0.493,1.041,0.687,414,2022,RS,3
203024,Damiris Dantas,1.128,-1.679,0.258,2356,2022,RS,3
203026,Tiffany Hayes,1.016,-0.832,1.327,1178,2022,RS,3
203029,Riquna Williams,-1.418,-0.244,-1.434,3319,2022,RS,3
203035,Shey Peddy,-2.263,-0.464,-2.281,3190,2022,RS,3
203043,Jacki Gemelos,-0.62,-0.076,-0.505,415,2022,RS,3
203398,Brittney Griner,0.425,2.596,2.401,2244,2022,RS,3
203399,Elena Delle Donne,2.59,0.65,3.146,1559,2022,RS,3
203400,Skylar Diggins,4.983,1.651,4.214,4793,2022,RS,3
203403,Tianna Hawkins,-3.177,-1.141,-2.746,2206,2022,RS,3
203405,Kayla Alexander,0.16,1.117,0.853,300,2022,RS,3
203406,Layshia Clarendon,-0.228,1.288,1.393,1949,2022,RS,3
203411,Sugar Rodgers,0.642,1.535,1.037,720,2022,RS,3
203416,Emma Meesseman,1.021,1.236,1.188,3118,2022,RS,3
203437,Tierra Ruffin-Pratt,0.107,-0.893,-0.607,453,2022,RS,3
203822,Rebekah Gardner,-0.332,2.165,0.271,1375,2022,RS,3
203823,Chiney Ogwumike,1.549,-0.124,1.535,386,2022,RS,3
203824,Odyssey Sims,-2.027,0.455,-1.844,1477,2022,RS,3
203825,Kayla McBride,1.251,-1.033,0.407,4794,2022,RS,3
203826,Alyssa Thomas,-1.036,2.026,0.533,1682,2022,RS,3
203827,Natasha Howard,-0.087,1.251,0.86,2319,2022,RS,3
203828,Stefanie Dolson,0.15,1.014,0.94,2557,2022,RS,3
203829,Bria Hartley,-0.554,-1.941,-2.563,902,2022,RS,3
203831,Natalie Achonwa,0.316,-0.329,0.066,1716,2022,RS,3
203833,Chelsea Gray,1.513,1.744,2.482,4585,2022,RS,3
203838,Astou Ndour-Fall,-2.542,0.152,-2.473,815,2022,RS,3
203849,Theresa Plaisance,-1.852,-0.864,-2.082,2081,2022,RS,3
203855,Stephanie Talbot,-0.946,0.834,-0.364,2440,2022,RS,3
203866,Kayla Thornton,0.45,0.917,0.857,4255,2022,RS,3
204296,Rebecca Allen,-2.166,1.32,-0.569,1676,2022,RS,3
204319,Jewell Loyd,1.707,0.867,1.612,6044,2022,RS,3
204320,Amanda Zahui B,-2.588,0.468,-0.791,2071,2022,RS,3
204322,Elizabeth Williams,-0.03,1.645,1.16,2208,2022,RS,3
204323,Cheyenne Parker-Tyus,0.192,0.956,1.263,1374,2022,RS,3
204324,Dearica Hamby,0.555,2.19,0.975,4200,2022,RS,3
204325,Crystal Bradford,-0.635,0.636,0.135,424,2022,RS,3
204329,Kiah Stokes,-1.168,0.483,-0.21,2906,2022,RS,3
204330,Isabelle Harrison,-0.51,0.787,0.402,3056,2022,RS,3
204333,Natasha Cloud,-0.238,1.32,0.664,3459,2022,RS,3
204334,Reshanda Gray,0.244,-2.637,-1.735,657,2022,RS,3
204335,Betnijah Laney-Hamilton,-0.932,0.158,0.42,2222,2022,RS,3
204355,Blake Dietrick,-1.751,0.323,-1.229,754,2022,RS,3
204365,Erica Wheeler,-1.012,-1.722,-1.376,2409,2022,RS,3
1627668,Breanna Stewart,4.09,1.697,3.781,5823,2022,RS,3
1627669,Moriah Jefferson,-1.751,-1.565,-2.108,2425,2022,RS,3
1627671,Rachel Banham,1.434,1.426,1.76,2482,2022,RS,3
1627672,Aerial Powers,0.123,-0.284,0.091,2735,2022,RS,3
1627673,Jonquel Jones,3.052,1.421,2.904,1540,2022,RS,3
1627674,Kahleah Copper,3.022,0.867,3.118,4459,2022,RS,3
1627675,Courtney Williams,-1.239,-1.205,-1.36,2602,2022,RS,3
1627676,Tiffany Mitchell,-1.557,-1.08,-1.966,1245,2022,RS,3
1627678,Bria Holmes,-3.307,-1.09,-3.568,1104,2022,RS,3
1627700,Julie Allemand,0.289,-0.769,-0.171,1528,2022,RS,3
1628242,Emma Cannon,0.911,-0.252,0.772,834,2022,RS,3
1628244,Sami Whitcomb,0.538,-2.779,-1.806,2609,2022,RS,3
1628263,Lindsay Allen,1.585,-2.048,0.372,1635,2022,RS,3
1628268,Alaina Coates,0.009,1.201,1.28,604,2022,RS,3
1628269,Nia Coffey,-0.135,0.146,0.255,2303,2022,RS,3
1628276,Kelsey Plum,3.345,-0.757,2.16,3846,2022,RS,3
1628277,Allisha Gray,2.827,-0.043,2.171,3945,2022,RS,3
1628278,Shatori Walker-Kimbrough,2.655,3.936,3.906,3243,2022,RS,3
1628279,Brittney Sykes,0.244,0.235,-0.015,3289,2022,RS,3
1628280,Brionna Jones,2.717,3.415,4.068,1947,2022,RS,3
1628282,Sydney Wiese,-0.433,-0.632,-0.954,1704,2022,RS,3
1628286,Erica McCall,0.269,-0.158,-0.257,1312,2022,RS,3
1628287,Jennie Simms,-0.149,0.487,0.671,583,2022,RS,3
1628878,Ariel Atkins,0.093,-1.656,-0.811,4787,2022,RS,3
1628881,Monique Billings,-0.473,-1.556,-1.676,2114,2022,RS,3
1628882,Lexie Brown,-0.325,0.727,0.402,1838,2022,RS,3
1628886,Jordin Canada,0.129,2.089,0.977,3140,2022,RS,3
1628890,Diamond DeShields,-3.564,0.089,-2.764,3260,2022,RS,3
1628899,Myisha Hines-Allen,1.826,-1.224,0.976,3146,2022,RS,3
1628909,Kelsey Mitchell,0.723,-1.764,0.396,2812,2022,RS,3
1628915,Kia Nurse,-1.947,-2.233,-2.947,2609,2022,RS,3
1628917,JiSu Park,0.277,-0.7,-0.432,509,2022,RS,3
1628920,Mercedes Russell,0.418,0.734,1.397,2080,2022,RS,3
1628922,Azurá Stevens,0.606,0.225,0.295,3342,2022,RS,3
1628927,Victoria Vivians,-0.502,-2.001,-1.591,2365,2022,RS,3
1628929,Kristy Wallace,-0.946,-1.075,-0.987,987,2022,RS,3
1628931,Gabby Williams,-0.55,-0.699,-1.002,2721,2022,RS,3
1628932,A'ja Wilson,3.681,1.305,3.069,5301,2022,RS,3
1629476,Asia (AD) Durr,0.512,-0.096,0.924,460,2022,RS,3
1629477,Sabrina Ionescu,-0.123,-1.355,-0.356,2453,2022,RS,3
1629478,Katie Lou Samuelson,1.866,-0.617,0.903,3141,2022,RS,3
1629479,Teaira McCowan,3.298,-0.182,2.55,2577,2022,RS,3
1629481,Arike Ogunbowale,1.254,-1.438,-0.343,5169,2022,RS,3
1629482,Sophie Cunningham,0.913,-1.413,-0.592,3467,2022,RS,3
1629483,Napheesa Collier,2.388,-0.876,0.81,3133,2022,RS,3
1629484,Megan Gustafson,-0.774,-2.648,-2.273,959,2022,RS,3
1629485,Kristine Anigwe,1.521,-0.149,1.104,840,2022,RS,3
1629488,Brianna Turner,2.753,1.562,2.821,4975,2022,RS,3
1629491,Jessica Shepard,-1.609,0.845,-0.21,2500,2022,RS,3
1629492,Beatrice Mompremier,-1.318,-0.101,-1.738,977,2022,RS,3
1629496,Ezi Magbegor,0.439,1.164,0.859,3543,2022,RS,3
1629497,Marina Mabrey,1.351,-0.375,0.071,3711,2022,RS,3
1629498,Jackie Young,3.276,0.319,1.844,5654,2022,RS,3
1629501,Alanna Smith,0.046,1.786,-0.145,1167,2022,RS,3
1629506,Kiara Leslie,-1.238,-1.756,-2.609,977,2022,RS,3
1629524,Bridget Carleton,2.575,2.458,3.327,3222,2022,RS,3
1629567,Natisha Hiedeman,-0.274,-1.074,-1.091,1897,2022,RS,3
1629568,Kennedy Burke,-0.49,-1.125,-2.019,1472,2022,RS,3
1630093,Bella Alarie,0.432,1.838,1.668,1503,2022,RS,3
1630097,Kaila Charles,-0.136,1.45,2.111,934,2022,RS,3
1630099,Te'a Cooper,-0.235,2.811,1.298,1725,2022,RS,3
1630100,Lauren Cox,-0.012,-0.83,-0.558,724,2022,RS,3
1630101,Crystal Dangerfield,-0.713,-1.417,-1.928,3008,2022,RS,3
1630112,Tyasha Harris,0.896,-1.021,-0.117,3121,2022,RS,3
1630113,Ruthy Hebard,-0.219,0.243,-0.664,1954,2022,RS,3
1630114,Mikiah Herbert Harrigan,0.644,-0.171,0.097,684,2022,RS,3
1630115,Joyner Holmes,-1.211,-1.281,-1.5,707,2022,RS,3
1630119,Jazmine Jones,-3.569,-1.187,-3.428,1557,2022,RS,3
1630127,Leaonna Odom,-1.066,0.906,1.187,1546,2022,RS,3
1630131,Kylee Shook,-3.31,0.296,-1.727,1928,2022,RS,3
1630136,Megan Walker,-3.051,-2.076,-3.577,1551,2022,RS,3
1630139,Jocelyn Willoughby,-2.756,-2.941,-4.647,930,2022,RS,3
1630149,Satou Sabally,-0.647,0.969,1.195,1969,2022,RS,3
1630150,Chennedy Carter,-0.134,-0.295,-0.606,1221,2022,RS,3
1630386,Awak Kuier,1.458,0.196,0.579,1122,2022,RS,3
1630387,Iliana Rupert,0.18,-0.436,0.132,587,2022,RS,3
1630389,Dana Evans,-1.754,0.379,-1.238,1347,2022,RS,3
1630438,Kysre Gondrezick,1.157,-1.365,-0.136,425,2022,RS,3
1630441,Arella Guirantes,-0.953,0.593,-0.366,398,2022,RS,3
1630444,Jasmine Walker,-0.029,0.186,0.782,743,2022,RS,3
1630446,Michaela Onyenwere,-0.2,-1.095,-0.599,1518,2022,RS,3
1630454,Charli Collier,-1.316,-1.893,-1.843,843,2022,RS,3
1630459,DiDi Richards,-2.367,-1.255,-2.462,778,2022,RS,3
1630462,Aari McDonald,-2.741,1.555,-0.868,1626,2022,RS,3
1630957,Rui Machida,-2.104,1.905,-0.283,1161,2022,RS,3
1631007,Veronica Burton,0.746,1.046,0.67,1071,2022,RS,3
1631009,Rhyne Howard,-1.099,0.056,-0.605,1437,2022,RS,3
1631013,Aisha Sheppard,-0.361,-0.654,-0.691,325,2022,RS,3
1631019,NaLyssa Smith,-0.278,-0.604,0.636,1074,2022,RS,3
1631022,Shakira Austin,1.801,0.669,1.46,1445,2022,RS,3
1631031,Queen Egbo,-1.953,0.331,-1.552,858,2022,RS,3
1631044,Naz Hillmon,1.193,-1.987,-0.19,938,2022,RS,3
1631083,Emily Engstler,-0.522,-1.258,-2.076,687,2022,RS,3
1631086,Lexie Hull,0.278,0.271,0.891,483,2022,RS,3
1631089,Destanni Henderson,-1.253,-0.217,-1.257,704,2022,RS,3
1631135,Olivia Nelson-Ododa,-0.018,-0.14,0.009,838,2022,RS,3
100720,Sue Bird,2.495,-1.028,1.287,3603,2023,RS,3
100940,Diana Taurasi,1.137,0.794,1.704,3913,2023,RS,3
200676,Candice Dupree,-0.658,-0.255,-0.998,958,2023,RS,3
201480,Sylvia Fowles,1.06,0.091,1.248,2854,2023,RS,3
201496,Candace Parker,0.487,2.203,1.272,3646,2023,RS,3
201507,Leilani Mitchell,-0.384,0.197,-0.147,1175,2023,RS,3
201516,Allie Quigley,3.349,-0.88,1.994,3051,2023,RS,3
201886,DeWanna Bonner,3.49,2.401,3.553,4270,2023,RS,3
201896,Briann January,-0.476,0.48,-0.496,2233,2023,RS,3
201911,Kristi Toliver,-0.63,-1.615,-1.539,1403,2023,RS,3
201913,Kia Vaughn,-2.085,-0.48,-1.696,1988,2023,RS,3
201919,Shavonte Zellous,0.149,0.909,0.796,659,2023,RS,3
202250,Tina Charles,1.726,0.924,3.0,3080,2023,RS,3
202252,Alysha Clark,1.074,-0.159,0.584,3180,2023,RS,3
202259,Epiphanny Prince,-1.961,-0.208,-2.058,1484,2023,RS,3
202633,Liz Cambage,-2.483,-0.58,-1.904,1761,2023,RS,3
202638,Jessica Breland,0.242,-1.299,-0.966,667,2023,RS,3
202641,Sydney Colson,-1.714,0.355,-2.521,574,2023,RS,3
202650,Jantel Lavender,-1.905,-2.431,-3.158,1512,2023,RS,3
202658,Danielle Robinson,-0.38,-0.893,-0.582,2800,2023,RS,3
202662,Jasmine Thomas,0.327,3.595,3.062,1583,2023,RS,3
202664,Courtney Vandersloot,3.091,0.71,2.15,4669,2023,RS,3
203014,Nneka Ogwumike,-0.801,-1.257,-1.541,2997,2023,RS,3
203024,Damiris Dantas,1.364,-0.733,0.491,1651,2023,RS,3
203026,Tiffany Hayes,1.572,-1.351,0.474,3379,2023,RS,3
203029,Riquna Williams,-2.638,-0.986,-2.615,2482,2023,RS,3
203035,Shey Peddy,-1.504,-1.399,-2.259,3419,2023,RS,3
203389,Yvonne Turner,-0.352,-0.037,-0.11,505,2023,RS,3
203398,Brittney Griner,2.363,1.67,2.625,3367,2023,RS,3
203399,Elena Delle Donne,3.545,2.675,4.447,2725,2023,RS,3
203400,Skylar Diggins,3.255,1.425,3.583,3375,2023,RS,3
203403,Tianna Hawkins,-0.18,-0.278,-0.127,3031,2023,RS,3
203406,Layshia Clarendon,2.168,1.3,3.321,1857,2023,RS,3
203416,Emma Meesseman,2.338,0.945,2.857,1761,2023,RS,3
203822,Rebekah Gardner,-0.102,2.709,0.329,1405,2023,RS,3
203823,Chiney Ogwumike,0.976,0.3,0.722,476,2023,RS,3
203824,Odyssey Sims,-3.262,-1.128,-3.291,1790,2023,RS,3
203825,Kayla McBride,1.288,-0.726,0.658,5686,2023,RS,3
203826,Alyssa Thomas,1.062,1.922,1.77,3792,2023,RS,3
203827,Natasha Howard,0.207,-0.761,-0.448,3345,2023,RS,3
203828,Stefanie Dolson,-1.502,1.298,0.469,2690,2023,RS,3
203831,Natalie Achonwa,0.352,0.601,0.166,1305,2023,RS,3
203833,Chelsea Gray,1.578,2.925,2.399,6105,2023,RS,3
203838,Astou Ndour-Fall,-1.476,0.561,-1.211,673,2023,RS,3
203849,Theresa Plaisance,-1.82,-0.49,-1.851,1916,2023,RS,3
203855,Stephanie Talbot,-0.398,0.862,0.229,2440,2023,RS,3
203866,Kayla Thornton,-0.901,0.265,-1.109,4474,2023,RS,3
204296,Rebecca Allen,-1.127,1.168,-0.386,3377,2023,RS,3
204319,Jewell Loyd,0.632,-0.626,0.572,6981,2023,RS,3
204320,Amanda Zahui B,-1.881,1.168,-0.808,1690,2023,RS,3
204322,Elizabeth Williams,-1.701,2.226,0.183,2924,2023,RS,3
204323,Cheyenne Parker-Tyus,0.872,1.003,1.486,1960,2023,RS,3
204324,Dearica Hamby,-0.955,0.808,-0.068,4498,2023,RS,3
204325,Crystal Bradford,-0.511,0.47,0.101,424,2023,RS,3
204329,Kiah Stokes,0.942,1.111,1.358,3362,2023,RS,3
204330,Isabelle Harrison,0.59,0.83,0.885,2572,2023,RS,3
204333,Natasha Cloud,0.052,1.101,1.164,5819,2023,RS,3
204334,Reshanda Gray,0.941,-2.557,-1.328,657,2023,RS,3
204335,Betnijah Laney-Hamilton,1.62,0.981,2.156,2617,2023,RS,3
204365,Erica Wheeler,-0.765,-3.233,-1.627,4124,2023,RS,3
1627643,Cyesha Goree,-0.034,-1.285,-0.814,395,2023,RS,3
1627668,Breanna Stewart,4.023,2.213,3.824,6601,2023,RS,3
1627669,Moriah Jefferson,-1.545,-2.033,-1.937,4098,2023,RS,3
1627671,Rachel Banham,0.111,2.476,1.626,2202,2023,RS,3
1627672,Aerial Powers,0.269,-0.789,0.421,2658,2023,RS,3
1627673,Jonquel Jones,3.824,0.357,2.325,2625,2023,RS,3
1627674,Kahleah Copper,1.285,-0.287,1.376,5107,2023,RS,3
1627675,Courtney Williams,-1.857,-0.877,-1.003,3133,2023,RS,3
1627676,Tiffany Mitchell,-2.338,-0.643,-1.146,2007,2023,RS,3
1627678,Bria Holmes,-2.193,0.201,-1.455,587,2023,RS,3
1627700,Julie Allemand,-0.708,-0.02,-0.711,885,2023,RS,3
1628242,Emma Cannon,-0.334,-0.948,-0.697,1634,2023,RS,3
1628244,Sami Whitcomb,0.247,-1.725,-0.628,3482,2023,RS,3
1628263,Lindsay Allen,2.605,-3.094,0.747,1921,2023,RS,3
1628269,Nia Coffey,-1.14,0.85,-0.04,2544,2023,RS,3
1628276,Kelsey Plum,5.618,-0.708,3.931,6298,2023,RS,3
1628277,Allisha Gray,1.944,1.565,2.491,5107,2023,RS,3
1628278,Shatori Walker-Kimbrough,0.785,1.494,1.186,4395,2023,RS,3
1628279,Brittney Sykes,0.089,1.421,0.872,4414,2023,RS,3
1628280,Brionna Jones,1.282,2.616,2.047,2042,2023,RS,3
1628282,Sydney Wiese,0.131,-1.273,-0.969,1001,2023,RS,3
1628286,Erica McCall,-0.698,-0.716,-1.243,758,2023,RS,3
1628287,Jennie Simms,-0.599,0.152,-0.101,706,2023,RS,3
1628317,Karlie Samuelson,1.043,-2.016,0.21,1329,2023,RS,3
1628878,Ariel Atkins,0.846,0.347,0.342,4385,2023,RS,3
1628881,Monique Billings,0.149,0.249,0.127,2791,2023,RS,3
1628882,Lexie Brown,0.354,-0.216,0.741,1567,2023,RS,3
1628886,Jordin Canada,-0.006,0.647,0.174,3860,2023,RS,3
1628890,Diamond DeShields,-2.26,0.275,-1.714,2888,2023,RS,3
1628899,Myisha Hines-Allen,0.132,-1.601,-0.646,3322,2023,RS,3
1628909,Kelsey Mitchell,0.244,-1.416,-0.124,4707,2023,RS,3
1628915,Kia Nurse,-0.507,-1.937,-1.559,3022,2023,RS,3
1628917,JiSu Park,0.333,-0.785,-0.37,509,2023,RS,3
1628920,Mercedes Russell,-0.189,0.772,-0.035,2791,2023,RS,3
1628922,Azurá Stevens,0.124,0.559,0.161,3999,2023,RS,3
1628927,Victoria Vivians,-1.819,-1.524,-2.338,3487,2023,RS,3
1628929,Kristy Wallace,-0.427,-0.274,-0.26,2426,2023,RS,3
1628931,Gabby Williams,-0.993,-0.352,-1.088,2666,2023,RS,3
1628932,A'ja Wilson,4.05,2.884,3.466,6806,2023,RS,3
1629476,Asia (AD) Durr,-0.983,0.726,0.152,1125,2023,RS,3
1629477,Sabrina Ionescu,1.472,-1.699,0.637,3868,2023,RS,3
1629478,Katie Lou Samuelson,2.454,-0.201,1.962,2228,2023,RS,3
1629479,Teaira McCowan,3.323,0.905,2.933,3477,2023,RS,3
1629480,Kalani Brown,1.711,-1.516,-0.127,1002,2023,RS,3
1629481,Arike Ogunbowale,1.252,-1.789,0.404,6237,2023,RS,3
1629482,Sophie Cunningham,1.152,-2.456,-0.791,4478,2023,RS,3
1629483,Napheesa Collier,1.179,0.921,0.157,3953,2023,RS,3
1629484,Megan Gustafson,0.524,-2.82,-1.514,2113,2023,RS,3
1629485,Kristine Anigwe,0.774,0.666,0.096,568,2023,RS,3
1629488,Brianna Turner,-0.015,1.305,0.746,5860,2023,RS,3
1629491,Jessica Shepard,-1.372,0.778,0.214,3461,2023,RS,3
1629492,Beatrice Mompremier,-0.155,0.339,-0.257,614,2023,RS,3
1629496,Ezi Magbegor,0.23,1.607,1.501,4815,2023,RS,3
1629497,Marina Mabrey,1.981,-1.887,0.457,4476,2023,RS,3
1629498,Jackie Young,3.039,-0.8,1.15,7191,2023,RS,3
1629501,Alanna Smith,0.229,0.898,0.565,1690,2023,RS,3
1629524,Bridget Carleton,0.826,2.365,2.095,2809,2023,RS,3
1629546,Marine Johannes,-0.598,-1.393,-1.53,1279,2023,RS,3
1629567,Natisha Hiedeman,0.571,0.237,0.61,3521,2023,RS,3
1629568,Kennedy Burke,-0.734,-0.093,-0.872,910,2023,RS,3
1629571,Morgan Bertsch,-1.777,-1.862,-3.001,621,2023,RS,3
1630093,Bella Alarie,-0.587,2.293,1.427,803,2023,RS,3
1630096,DiJonai Carrington,1.946,0.983,2.105,1250,2023,RS,3
1630097,Kaila Charles,-0.264,1.538,1.355,487,2023,RS,3
1630099,Te'a Cooper,-1.719,1.607,0.065,1088,2023,RS,3
1630100,Lauren Cox,0.131,-1.176,0.56,467,2023,RS,3
1630101,Crystal Dangerfield,-1.216,0.492,0.057,3508,2023,RS,3
1630112,Tyasha Harris,0.446,-0.406,-0.145,3313,2023,RS,3
1630113,Ruthy Hebard,2.075,0.853,1.758,1730,2023,RS,3
1630115,Joyner Holmes,-1.662,-1.281,-2.249,683,2023,RS,3
1630119,Jazmine Jones,-2.63,0.036,-2.244,621,2023,RS,3
1630127,Leaonna Odom,-0.178,-0.058,0.278,415,2023,RS,3
1630131,Kylee Shook,-1.65,0.559,-0.621,1137,2023,RS,3
1630134,Sug Sutton,-0.957,-1.807,-1.07,2284,2023,RS,3
1630136,Megan Walker,-1.304,0.661,-0.784,1000,2023,RS,3
1630139,Jocelyn Willoughby,-2.806,-1.205,-3.511,474,2023,RS,3
1630149,Satou Sabally,1.323,1.173,2.12,3468,2023,RS,3
1630150,Chennedy Carter,-0.043,0.109,-0.091,772,2023,RS,3
1630386,Awak Kuier,-0.377,-0.86,-1.685,2141,2023,RS,3
1630387,Iliana Rupert,-0.868,-0.244,-1.334,969,2023,RS,3
1630389,Dana Evans,-2.249,-0.586,-2.273,2428,2023,RS,3
1630438,Kysre Gondrezick,1.18,-1.457,-0.306,425,2023,RS,3
1630441,Arella Guirantes,-2.389,0.821,-2.034,428,2023,RS,3
1630444,Jasmine Walker,1.042,0.439,1.381,743,2023,RS,3
1630446,Michaela Onyenwere,-2.269,-2.158,-3.04,3523,2023,RS,3
1630454,Charli Collier,-0.879,-1.34,-1.938,843,2023,RS,3
1630459,DiDi Richards,-1.877,-1.051,-2.404,778,2023,RS,3
1630462,Aari McDonald,-3.482,0.822,-2.136,2561,2023,RS,3
1630471,Maya Caldwell,-0.994,-0.172,-0.599,829,2023,RS,3
1630957,Rui Machida,-0.578,1.872,0.875,1161,2023,RS,3
1630996,Rae Burrell,-1.524,-0.736,-1.976,468,2023,RS,3
1631006,Kierstan Bell,-3.65,-0.381,-3.653,923,2023,RS,3
1631007,Veronica Burton,0.493,-0.103,0.088,2589,2023,RS,3
1631009,Rhyne Howard,0.761,0.637,1.596,3405,2023,RS,3
1631013,Aisha Sheppard,0.125,-0.533,-0.462,325,2023,RS,3
1631019,NaLyssa Smith,0.412,-0.446,1.634,2604,2023,RS,3
1631021,Sika Kone,-0.295,-0.765,-0.164,352,2023,RS,3
1631022,Shakira Austin,1.575,2.505,2.936,2218,2023,RS,3
1631029,Jasmine Dickey,-1.73,-0.193,-2.084,418,2023,RS,3
1631031,Queen Egbo,-0.703,0.734,-0.013,2058,2023,RS,3
1631044,Naz Hillmon,0.888,-0.893,0.479,2151,2023,RS,3
1631055,Nyara Sabally,-0.566,0.245,0.047,598,2023,RS,3
1631083,Emily Engstler,-0.475,-1.314,-1.518,786,2023,RS,3
1631086,Lexie Hull,-0.044,-1.599,-1.296,1595,2023,RS,3
1631089,Destanni Henderson,-0.824,-0.719,-0.717,933,2023,RS,3
1631091,Evina Westbrook,-1.219,-0.07,-1.132,525,2023,RS,3
1631135,Olivia Nelson-Ododa,0.174,0.039,-0.914,2040,2023,RS,3
1631141,Jade Melbourne,-0.46,1.29,0.477,677,2023,RS,3
1641602,Ivana Dojkić,-1.251,-1.027,-1.564,417,2023,RS,3
1641641,Robyn Parks,0.937,0.76,1.712,577,2023,RS,3
1641642,Li Meng,0.806,-0.249,0.376,1199,2023,RS,3
1641648,Aliyah Boston,1.704,-0.549,0.265,2031,2023,RS,3
1641649,Diamond Miller,0.231,0.127,0.528,1336,2023,RS,3
1641650,Haley Jones,-1.752,0.052,-1.128,935,2023,RS,3
1641651,Jordan Horston,-0.837,1.634,-0.069,1390,2023,RS,3
1641652,Maddy Siegrist,1.086,-1.003,1.071,982,2023,RS,3
1641653,Ashley Joens,-0.361,-1.075,0.304,300,2023,RS,3
1641656,Laeticia Amihere,-0.346,-0.123,-1.428,306,2023,RS,3
1641657,Dorka Juhasz,-0.99,0.222,-1.007,1731,2023,RS,3
1641658,Grace Berger,1.051,2.011,2.203,1089,2023,RS,3
1641660,Zia Cooke,-2.54,-1.426,-3.134,907,2023,RS,3
1641675,Dulcy Fankam Mendjiadeu,0.861,0.616,1.145,788,2023,RS,3
1641690,Kadi Sissoko,-1.18,-0.899,-0.912,960,2023,RS,3
100720,Sue Bird,0.731,-0.384,0.596,2023,2024,RS,3
100940,Diana Taurasi,1.051,1.396,2.013,5371,2024,RS,3
201480,Sylvia Fowles,0.081,-1.044,-0.075,1236,2024,RS,3
201496,Candace Parker,1.152,1.314,1.303,2498,2024,RS,3
201516,Allie Quigley,2.223,0.801,2.241,1668,2024,RS,3
201886,DeWanna Bonner,1.158,0.381,1.118,5592,2024,RS,3
201896,Briann January,-1.153,-0.604,-1.393,1268,2024,RS,3
201911,Kristi Toliver,-0.548,-0.963,-1.476,663,2024,RS,3
201913,Kia Vaughn,-1.208,-0.045,-0.63,890,2024,RS,3
202250,Tina Charles,1.336,1.917,2.876,3579,2024,RS,3
202252,Alysha Clark,-0.488,2.015,0.66,5337,2024,RS,3
202259,Epiphanny Prince,-1.262,-0.75,-1.733,897,2024,RS,3
202633,Liz Cambage,-1.91,-0.782,-2.162,722,2024,RS,3
202641,Sydney Colson,-0.909,0.145,-2.059,1179,2024,RS,3
202650,Jantel Lavender,-1.862,-0.748,-2.24,654,2024,RS,3
202658,Danielle Robinson,0.159,-0.032,0.414,1907,2024,RS,3
202662,Jasmine Thomas,0.964,2.548,2.813,673,2024,RS,3
202664,Courtney Vandersloot,1.817,1.87,2.05,4222,2024,RS,3
203014,Nneka Ogwumike,1.803,0.699,2.23,4535,2024,RS,3
203024,Damiris Dantas,0.824,0.524,1.524,932,2024,RS,3
203026,Tiffany Hayes,0.11,-0.169,0.218,4522,2024,RS,3
203029,Riquna Williams,-1.494,-0.932,-2.349,822,2024,RS,3
203035,Shey Peddy,-0.323,-0.606,-0.303,2214,2024,RS,3
203389,Yvonne Turner,0.045,0.101,0.195,505,2024,RS,3
203398,Brittney Griner,2.719,1.31,3.155,3424,2024,RS,3
203399,Elena Delle Donne,3.13,2.395,4.204,2589,2024,RS,3
203400,Skylar Diggins,1.344,1.847,1.747,3685,2024,RS,3
203403,Tianna Hawkins,-0.454,-0.628,-0.651,2453,2024,RS,3
203406,Layshia Clarendon,-0.346,-0.699,-0.254,1661,2024,RS,3
203416,Emma Meesseman,3.014,0.862,3.178,1761,2024,RS,3
203822,Rebekah Gardner,0.022,1.766,1.114,1405,2024,RS,3
203823,Chiney Ogwumike,0.978,-0.157,0.848,427,2024,RS,3
203824,Odyssey Sims,-1.491,-1.833,-1.892,2480,2024,RS,3
203825,Kayla McBride,3.648,-0.391,3.002,6248,2024,RS,3
203826,Alyssa Thomas,1.168,2.605,1.963,6608,2024,RS,3
203827,Natasha Howard,1.21,-0.999,0.793,4085,2024,RS,3
203828,Stefanie Dolson,-2.747,0.295,-1.266,3742,2024,RS,3
203831,Natalie Achonwa,0.08,0.325,0.173,787,2024,RS,3
203833,Chelsea Gray,1.961,2.262,2.443,5790,2024,RS,3
203849,Theresa Plaisance,-0.475,-0.442,-0.813,862,2024,RS,3
203855,Stephanie Talbot,0.453,-0.454,0.124,2600,2024,RS,3
203866,Kayla Thornton,-0.76,1.113,-0.008,4622,2024,RS,3
204296,Rebecca Allen,3.113,0.616,2.914,3080,2024,RS,3
204319,Jewell Loyd,-0.951,-0.018,0.07,7635,2024,RS,3
204320,Amanda Zahui B,0.22,1.412,0.822,598,2024,RS,3
204322,Elizabeth Williams,-1.742,3.166,-0.341,2683,2024,RS,3
204323,Cheyenne Parker-Tyus,0.028,1.021,0.795,2894,2024,RS,3
204324,Dearica Hamby,-1.468,-0.645,-0.373,5980,2024,RS,3
204329,Kiah Stokes,-0.188,1.192,0.4,3827,2024,RS,3
204330,Isabelle Harrison,-0.409,-0.604,-0.595,2622,2024,RS,3
204333,Natasha Cloud,0.523,-0.378,0.158,7209,2024,RS,3
204334,Reshanda Gray,0.206,-2.253,-1.944,354,2024,RS,3
204335,Betnijah Laney-Hamilton,3.602,-0.383,2.323,2950,2024,RS,3
204365,Erica Wheeler,-1.077,-1.721,-1.674,4230,2024,RS,3
1627643,Cyesha Goree,-0.509,-0.967,-1.352,395,2024,RS,3
1627668,Breanna Stewart,3.631,2.149,3.326,7040,2024,RS,3
1627669,Moriah Jefferson,-2.328,-1.625,-2.059,3947,2024,RS,3
1627671,Rachel Banham,-0.519,0.522,-0.071,2879,2024,RS,3
1627672,Aerial Powers,0.023,-0.983,-1.33,2745,2024,RS,3
1627673,Jonquel Jones,3.943,-1.061,1.605,3660,2024,RS,3
1627674,Kahleah Copper,-0.314,-1.223,-0.514,5641,2024,RS,3
1627675,Courtney Williams,-0.299,1.414,1.396,4092,2024,RS,3
1627676,Tiffany Mitchell,-0.787,-0.892,-0.869,2278,2024,RS,3
1627700,Julie Allemand,-0.512,0.083,-0.743,885,2024,RS,3
1627701,Temi Fagbenle,0.362,0.399,1.314,907,2024,RS,3
1628242,Emma Cannon,-1.505,-1.349,-1.934,1240,2024,RS,3
1628244,Sami Whitcomb,-0.258,-0.039,-0.597,3730,2024,RS,3
1628263,Lindsay Allen,1.211,-1.467,0.341,3012,2024,RS,3
1628269,Nia Coffey,-3.076,-0.051,-1.983,2816,2024,RS,3
1628276,Kelsey Plum,5.503,0.64,4.494,7823,2024,RS,3
1628277,Allisha Gray,2.353,0.984,2.53,6507,2024,RS,3
1628278,Shatori Walker-Kimbrough,0.281,2.478,1.406,5967,2024,RS,3
1628279,Brittney Sykes,-0.922,1.689,0.713,4160,2024,RS,3
1628280,Brionna Jones,1.49,2.712,3.444,3009,2024,RS,3
1628287,Jennie Simms,0.315,0.303,0.684,706,2024,RS,3
1628317,Karlie Samuelson,0.629,-0.439,0.473,2617,2024,RS,3
1628508,Cecilia Zandalasini,-1.334,0.383,-0.853,1202,2024,RS,3
1628878,Ariel Atkins,1.686,-0.964,0.891,5666,2024,RS,3
1628881,Monique Billings,-0.291,-0.301,-0.525,3762,2024,RS,3
1628882,Lexie Brown,0.945,0.287,0.851,2206,2024,RS,3
1628886,Jordin Canada,-1.674,-0.361,-1.766,3810,2024,RS,3
1628890,Diamond DeShields,-1.285,-1.081,-1.896,2049,2024,RS,3
1628899,Myisha Hines-Allen,0.326,-2.479,-1.063,4712,2024,RS,3
1628909,Kelsey Mitchell,1.251,-2.027,0.039,6214,2024,RS,3
1628915,Kia Nurse,-0.695,-2.785,-1.32,3408,2024,RS,3
1628920,Mercedes Russell,-2.661,0.734,-1.288,2932,2024,RS,3
1628922,Azurá Stevens,-0.5,0.928,0.041,3787,2024,RS,3
1628927,Victoria Vivians,-2.149,-0.4,-1.321,3485,2024,RS,3
1628929,Kristy Wallace,-0.873,-0.267,-0.669,3395,2024,RS,3
1628931,Gabby Williams,-0.077,-1.57,-1.011,3348,2024,RS,3
1628932,A'ja Wilson,3.81,2.93,3.015,8095,2024,RS,3
1629476,Asia (AD) Durr,-0.467,0.761,0.386,1125,2024,RS,3
1629477,Sabrina Ionescu,1.426,0.959,1.603,5005,2024,RS,3
1629478,Katie Lou Samuelson,0.791,-1.359,0.333,2909,2024,RS,3
1629479,Teaira McCowan,2.21,0.242,1.977,4325,2024,RS,3
1629480,Kalani Brown,1.074,-0.984,-0.066,1597,2024,RS,3
1629481,Arike Ogunbowale,-0.231,-0.602,-0.85,6754,2024,RS,3
1629482,Sophie Cunningham,1.381,-2.925,-1.22,5410,2024,RS,3
1629483,Napheesa Collier,1.37,1.278,0.775,4592,2024,RS,3
1629484,Megan Gustafson,1.312,-3.692,-1.298,3234,2024,RS,3
1629488,Brianna Turner,-2.014,0.888,-0.445,4627,2024,RS,3
1629491,Jessica Shepard,-2.434,0.562,-1.14,2675,2024,RS,3
1629496,Ezi Magbegor,2.109,1.842,2.458,6140,2024,RS,3
1629497,Marina Mabrey,0.843,0.31,1.609,5393,2024,RS,3
1629498,Jackie Young,1.287,-1.106,-0.217,7862,2024,RS,3
1629501,Alanna Smith,0.684,0.361,0.166,3422,2024,RS,3
1629524,Bridget Carleton,2.877,3.245,4.285,4078,2024,RS,3
1629546,Marine Johannes,-0.363,-1.723,-1.852,1279,2024,RS,3
1629567,Natisha Hiedeman,-0.285,0.665,-0.452,4678,2024,RS,3
1629568,Kennedy Burke,-1.827,2.916,0.027,1422,2024,RS,3
1629571,Morgan Bertsch,-3.677,-2.042,-4.221,830,2024,RS,3
1629574,Li Yueru,1.777,-1.577,0.498,1639,2024,RS,3
1630096,DiJonai Carrington,1.058,1.482,0.902,3770,2024,RS,3
1630101,Crystal Dangerfield,-0.446,0.061,-0.283,3369,2024,RS,3
1630112,Tyasha Harris,-1.081,-0.709,-1.29,4262,2024,RS,3
1630113,Ruthy Hebard,0.458,1.439,1.274,690,2024,RS,3
1630114,Mikiah Herbert Harrigan,-0.309,-0.193,-1.627,947,2024,RS,3
1630115,Joyner Holmes,-2.781,-2.204,-3.785,1419,2024,RS,3
1630134,Sug Sutton,-0.332,-1.985,-1.63,3172,2024,RS,3
1630139,Jocelyn Willoughby,-2.802,-1.099,-3.749,474,2024,RS,3
1630142,Leonie Fiebich,0.984,2.378,2.741,1506,2024,RS,3
1630149,Satou Sabally,1.781,-0.765,1.691,3354,2024,RS,3
1630150,Chennedy Carter,-0.012,1.097,1.067,2385,2024,RS,3
1630386,Awak Kuier,-0.495,-0.835,-1.298,1910,2024,RS,3
1630387,Iliana Rupert,-0.435,-0.574,-0.713,969,2024,RS,3
1630389,Dana Evans,-1.994,-0.787,-1.825,3370,2024,RS,3
1630442,Natasha Mack,-0.266,1.13,-0.17,1352,2024,RS,3
1630444,Jasmine Walker,1.596,0.846,2.145,714,2024,RS,3
1630446,Michaela Onyenwere,-2.566,-1.544,-2.634,3467,2024,RS,3
1630459,DiDi Richards,-0.912,-2.789,-1.942,642,2024,RS,3
1630462,Aari McDonald,-2.639,0.28,-1.109,3433,2024,RS,3
1630471,Maya Caldwell,-0.645,-0.115,-0.108,1789,2024,RS,3
1630957,Rui Machida,-0.408,1.513,0.947,1161,2024,RS,3
1630996,Rae Burrell,-0.335,-0.972,-1.413,1924,2024,RS,3
1631006,Kierstan Bell,-2.787,-1.827,-2.325,949,2024,RS,3
1631007,Veronica Burton,1.535,0.373,0.957,3464,2024,RS,3
1631009,Rhyne Howard,0.97,1.699,2.016,5203,2024,RS,3
1631013,Aisha Sheppard,0.15,-0.536,-0.388,325,2024,RS,3
1631019,NaLyssa Smith,0.122,-0.307,1.018,4659,2024,RS,3
1631021,Sika Kone,0.211,0.253,0.711,853,2024,RS,3
1631022,Shakira Austin,0.78,4.854,2.875,2789,2024,RS,3
1631029,Jasmine Dickey,-1.021,-0.268,-1.307,418,2024,RS,3
1631031,Queen Egbo,-0.644,0.936,-1.235,2090,2024,RS,3
1631032,Lorela Cubaj,0.809,0.217,0.708,791,2024,RS,3
1631044,Naz Hillmon,-0.004,0.462,0.02,3994,2024,RS,3
1631055,Nyara Sabally,-0.06,2.556,0.419,1378,2024,RS,3
1631083,Emily Engstler,0.365,-1.174,-1.087,1908,2024,RS,3
1631086,Lexie Hull,1.663,-1.13,0.528,3015,2024,RS,3
1631089,Destanni Henderson,-1.696,-0.455,-0.854,1108,2024,RS,3
1631091,Evina Westbrook,0.22,0.136,0.197,525,2024,RS,3
1631135,Olivia Nelson-Ododa,0.428,0.21,-0.48,3180,2024,RS,3
1631141,Jade Melbourne,-0.369,1.781,0.855,2162,2024,RS,3
1641602,Ivana Dojkić,-0.91,-1.149,-1.087,417,2024,RS,3
1641641,Robyn Parks,1.324,0.776,1.707,577,2024,RS,3
1641642,Li Meng,0.979,0.262,0.527,1199,2024,RS,3
1641648,Aliyah Boston,1.736,-1.653,0.032,4593,2024,RS,3
1641649,Diamond Miller,-2.032,0.767,-1.308,1882,2024,RS,3
1641650,Haley Jones,-2.557,0.243,-1.914,2508,2024,RS,3
1641651,Jordan Horston,-0.206,0.986,-0.142,3126,2024,RS,3
1641652,Maddy Siegrist,0.069,-0.541,0.207,2183,2024,RS,3
1641653,Ashley Joens,-0.116,-0.238,-0.132,300,2024,RS,3
1641654,Stephanie Soares,-0.42,0.56,0.054,454,2024,RS,3
1641656,Laeticia Amihere,-1.64,-0.48,-1.809,436,2024,RS,3
1641657,Dorka Juhasz,-0.536,1.6,0.201,3291,2024,RS,3
1641658,Grace Berger,0.711,1.827,1.886,1339,2024,RS,3
1641660,Zia Cooke,-2.64,-2.99,-4.814,1409,2024,RS,3
1641661,Lou Lopez Senechal,-1.127,-0.549,-0.405,346,2024,RS,3
1641675,Dulcy Fankam Mendjiadeu,0.633,-0.706,1.589,843,2024,RS,3
1641690,Kadi Sissoko,-0.689,-0.486,-0.792,960,2024,RS,3
1641700,Liz Dixon,-2.247,-2.457,-3.384,625,2024,RS,3
1642210,Julie Vanloo,-1.889,-1.613,-1.635,2006,2024,RS,3
1642244,Sevgi Uzun,-1.709,1.179,-0.73,1452,2024,RS,3
1642286,Caitlin Clark,-0.381,-0.512,-1.081,2808,2024,RS,3
1642287,Cameron Brink,-1.297,1.211,-2.046,830,2024,RS,3
1642288,Rickea Jackson,-2.116,-0.291,-0.956,2632,2024,RS,3
1642289,Kamilla Cardoso,-0.294,-0.092,-0.396,1801,2024,RS,3
1642290,Aaliyah Edwards,1.358,1.308,1.743,1881,2024,RS,3
1642291,Angel Reese,0.85,0.663,1.461,2159,2024,RS,3
1642292,Jacy Sheldon,-0.109,-2.658,-1.439,1466,2024,RS,3
1642293,Alissa Pili,-1.788,0.166,-1.71,320,2024,RS,3
1642298,Celeste Taylor,-0.481,0.794,-0.484,647,2024,RS,3
1642324,Kate Martin,0.341,-0.285,0.152,1069,2024,RS,3
100940,Diana Taurasi,-0.352,1.183,1.103,2289,2025,RS,3
201886,DeWanna Bonner,-0.854,1.633,0.269,4533,2025,RS,3
202250,Tina Charles,-0.028,-2.589,-0.801,4607,2025,RS,3
202252,Alysha Clark,-1.513,1.291,0.309,4255,2025,RS,3
202641,Sydney Colson,-1.165,2.09,0.101,1690,2025,RS,3
202664,Courtney Vandersloot,-0.323,0.291,-0.311,1657,2025,RS,3
203014,Nneka Ogwumike,2.78,1.452,3.201,5155,2025,RS,3
203024,Damiris Dantas,-1.558,0.049,-0.995,1706,2025,RS,3
203026,Tiffany Hayes,0.581,1.79,1.539,3412,2025,RS,3
203035,Shey Peddy,0.583,-1.181,1.106,731,2025,RS,3
203398,Brittney Griner,1.255,0.756,1.584,3493,2025,RS,3
203400,Skylar Diggins,2.992,0.359,2.423,5133,2025,RS,3
203406,Layshia Clarendon,-0.361,-2.198,-1.73,686,2025,RS,3
203416,Emma Meesseman,1.386,0.545,0.602,963,2025,RS,3
203822,Rebekah Gardner,0.538,1.915,0.98,1517,2025,RS,3
203824,Odyssey Sims,0.355,-0.181,0.799,2876,2025,RS,3
203825,Kayla McBride,3.351,1.337,3.771,5248,2025,RS,3
203826,Alyssa Thomas,1.642,1.087,1.578,5588,2025,RS,3
203827,Natasha Howard,2.233,0.926,1.896,3540,2025,RS,3
203828,Stefanie Dolson,-1.854,-0.823,-1.108,3560,2025,RS,3
203829,Bria Hartley,-1.001,-3.153,-2.482,1907,2025,RS,3
203833,Chelsea Gray,2.694,0.477,1.748,4345,2025,RS,3
203855,Stephanie Talbot,-0.825,-0.013,-1.015,2548,2025,RS,3
203863,Haley Peters,-0.574,0.396,0.381,813,2025,RS,3
203866,Kayla Thornton,0.822,1.906,2.113,3016,2025,RS,3
204296,Rebecca Allen,-0.357,-2.59,-1.602,2925,2025,RS,3
204319,Jewell Loyd,0.124,1.228,1.491,5541,2025,RS,3
204322,Elizabeth Williams,-1.195,0.777,-0.525,2937,2025,RS,3
204323,Cheyenne Parker-Tyus,2.721,0.004,3.384,1105,2025,RS,3
204324,Dearica Hamby,-0.511,-1.355,-0.962,5636,2025,RS,3
204329,Kiah Stokes,-2.524,0.016,-2.051,2537,2025,RS,3
204330,Isabelle Harrison,-0.344,1.464,0.222,2371,2025,RS,3
204333,Natasha Cloud,0.524,-0.767,0.045,5670,2025,RS,3
204335,Betnijah Laney-Hamilton,2.114,-0.919,0.705,1667,2025,RS,3
204365,Erica Wheeler,0.519,2.949,2.087,4115,2025,RS,3
1627668,Breanna Stewart,2.891,3.603,3.733,4618,2025,RS,3
1627669,Moriah Jefferson,-2.35,-0.618,-1.426,728,2025,RS,3
1627671,Rachel Banham,-1.439,-1.589,-0.953,3523,2025,RS,3
1627672,Aerial Powers,0.435,0.977,0.592,1068,2025,RS,3
1627673,Jonquel Jones,3.056,-0.262,1.752,3746,2025,RS,3
1627674,Kahleah Copper,0.312,0.031,0.247,3553,2025,RS,3
1627675,Courtney Williams,-0.004,1.598,0.513,4564,2025,RS,3
1627676,Tiffany Mitchell,-1.422,0.015,-1.058,2292,2025,RS,3
1627700,Julie Allemand,1.25,-1.002,0.659,2136,2025,RS,3
1627701,Temi Fagbenle,-0.08,0.003,-0.012,2589,2025,RS,3
1628242,Emma Cannon,1.302,0.463,1.723,729,2025,RS,3
1628244,Sami Whitcomb,0.254,-0.472,0.339,4206,2025,RS,3
1628263,Lindsay Allen,-0.138,-1.413,-0.474,2952,2025,RS,3
1628269,Nia Coffey,-0.969,1.281,-0.399,2620,2025,RS,3
1628276,Kelsey Plum,2.366,-1.164,1.474,6394,2025,RS,3
1628277,Allisha Gray,0.512,1.405,1.629,5281,2025,RS,3
1628278,Shatori Walker-Kimbrough,-0.547,1.806,0.974,3156,2025,RS,3
1628279,Brittney Sykes,0.417,1.591,1.819,3596,2025,RS,3
1628280,Brionna Jones,3.217,2.028,3.306,4195,2025,RS,3
1628317,Karlie Samuelson,-0.009,0.62,0.169,2194,2025,RS,3
1628508,Cecilia Zandalasini,-0.905,1.207,-0.672,2210,2025,RS,3
1628878,Ariel Atkins,0.148,-0.012,0.549,4361,2025,RS,3
1628881,Monique Billings,-0.637,1.019,-0.124,2890,2025,RS,3
1628882,Lexie Brown,0.907,1.242,1.938,1561,2025,RS,3
1628886,Jordin Canada,-0.818,0.12,-1.26,2706,2025,RS,3
1628890,Diamond DeShields,-0.369,-0.939,-1.013,910,2025,RS,3
1628899,Myisha Hines-Allen,0.198,-1.908,-0.657,4142,2025,RS,3
1628909,Kelsey Mitchell,2.285,-0.55,1.541,6199,2025,RS,3
1628915,Kia Nurse,-3.524,-2.674,-2.779,4191,2025,RS,3
1628920,Mercedes Russell,-4.145,0.132,-3.4,1873,2025,RS,3
1628922,Azurá Stevens,0.881,-3.782,-2.024,3495,2025,RS,3
1628926,Maria Kliundikova,1.445,1.938,1.053,1156,2025,RS,3
1628927,Victoria Vivians,0.573,0.219,0.685,1092,2025,RS,3
1628929,Kristy Wallace,-0.757,0.118,-0.638,968,2025,RS,3
1628931,Gabby Williams,-0.319,0.99,-0.317,3845,2025,RS,3
1628932,A'ja Wilson,4.345,2.74,3.575,5900,2025,RS,3
1628957,Kathryn Westbeld,-1.824,1.076,-1.041,1998,2025,RS,3
1629477,Sabrina Ionescu,1.655,1.01,1.239,5040,2025,RS,3
1629478,Katie Lou Samuelson,0.518,-0.876,0.315,1760,2025,RS,3
1629479,Teaira McCowan,0.559,-1.747,-0.702,2584,2025,RS,3
1629480,Kalani Brown,0.097,0.013,-0.105,1409,2025,RS,3
1629481,Arike Ogunbowale,-1.453,-2.353,-2.312,4594,2025,RS,3
1629482,Sophie Cunningham,-1.748,-0.495,-1.566,3965,2025,RS,3
1629483,Napheesa Collier,4.087,1.195,2.683,4650,2025,RS,3
1629484,Megan Gustafson,0.19,-1.892,-1.307,1821,2025,RS,3
1629488,Brianna Turner,-0.789,1.658,1.161,1362,2025,RS,3
1629490,Kitija Laksa,-2.08,-0.724,-1.459,1586,2025,RS,3
1629491,Jessica Shepard,1.154,0.411,1.051,1995,2025,RS,3
1629496,Ezi Magbegor,-0.304,-0.449,-1.333,4645,2025,RS,3
1629497,Marina Mabrey,-1.006,1.222,1.105,4964,2025,RS,3
1629498,Jackie Young,1.998,0.324,1.743,5505,2025,RS,3
1629501,Alanna Smith,1.872,-0.496,-0.338,4347,2025,RS,3
1629524,Bridget Carleton,2.281,2.219,3.269,4972,2025,RS,3
1629539,Amy Okonkwo,1.679,0.373,1.434,338,2025,RS,3
1629546,Marine Johannes,0.291,-0.25,-0.139,2031,2025,RS,3
1629567,Natisha Hiedeman,0.547,-0.368,-0.649,3838,2025,RS,3
1629568,Kennedy Burke,-0.993,3.42,1.501,3009,2025,RS,3
1629574,Li Yueru,1.417,-2.361,-0.643,2775,2025,RS,3
1630096,DiJonai Carrington,0.157,-1.416,-0.953,4348,2025,RS,3
1630097,Kaila Charles,1.264,1.793,2.235,1391,2025,RS,3
1630101,Crystal Dangerfield,-0.085,-0.291,-0.572,1136,2025,RS,3
1630112,Tyasha Harris,-1.761,0.566,0.01,2164,2025,RS,3
1630114,Mikiah Herbert Harrigan,-0.385,-1.22,-1.585,947,2025,RS,3
1630115,Joyner Holmes,-3.535,-2.424,-3.334,826,2025,RS,3
1630134,Sug Sutton,1.777,0.655,1.799,3404,2025,RS,3
1630142,Leonie Fiebich,0.797,0.872,1.099,3779,2025,RS,3
1630143,Luisa Geiselsoder,-0.915,-1.071,-1.09,1193,2025,RS,3
1630149,Satou Sabally,3.163,0.03,2.902,3236,2025,RS,3
1630150,Chennedy Carter,0.444,1.103,1.373,1902,2025,RS,3
1630387,Iliana Rupert,0.811,1.424,1.732,1009,2025,RS,3
1630389,Dana Evans,-3.575,-0.772,-2.724,3460,2025,RS,3
1630442,Natasha Mack,2.331,2.316,2.04,2800,2025,RS,3
1630446,Michaela Onyenwere,-1.675,-0.056,-0.523,2762,2025,RS,3
1630459,DiDi Richards,-0.293,-1.248,-1.033,544,2025,RS,3
1630461,Kiana Williams,0.869,-1.042,1.063,392,2025,RS,3
1630462,Aari McDonald,-0.128,0.863,1.078,2375,2025,RS,3
1630471,Maya Caldwell,1.475,0.156,1.342,2688,2025,RS,3
1630996,Rae Burrell,0.962,-1.214,0.84,2727,2025,RS,3
1631006,Kierstan Bell,-0.722,1.514,0.51,987,2025,RS,3
1631007,Veronica Burton,3.586,1.775,3.679,3186,2025,RS,3
1631009,Rhyne Howard,1.038,3.083,2.224,4029,2025,RS,3
1631019,NaLyssa Smith,0.19,-1.869,-0.649,4028,2025,RS,3
1631021,Sika Kone,0.828,0.478,2.456,706,2025,RS,3
1631022,Shakira Austin,-1.9,2.762,0.641,2649,2025,RS,3
1631032,Lorela Cubaj,0.446,-0.166,0.447,695,2025,RS,3
1631044,Naz Hillmon,-0.188,-0.617,-0.478,3871,2025,RS,3
1631055,Nyara Sabally,0.533,1.786,1.341,1446,2025,RS,3
1631064,Chloe Bibby,-0.154,0.865,-0.247,614,2025,RS,3
1631083,Emily Engstler,2.071,-1.137,-0.302,2603,2025,RS,3
1631086,Lexie Hull,1.925,0.099,1.262,4156,2025,RS,3
1631118,Lexi Held,-2.054,-0.741,-2.715,1594,2025,RS,3
1631135,Olivia Nelson-Ododa,-0.643,1.392,-0.111,2955,2025,RS,3
1631141,Jade Melbourne,-2.567,-0.759,-1.539,3766,2025,RS,3
1641648,Aliyah Boston,1.548,-1.422,0.133,5358,2025,RS,3
1641649,Diamond Miller,-0.915,0.503,-0.728,1803,2025,RS,3
1641650,Haley Jones,-1.314,0.129,-1.075,2736,2025,RS,3
1641651,Jordan Horston,-0.705,0.069,-0.481,1727,2025,RS,3
1641652,Maddy Siegrist,0.896,0.14,1.252,2554,2025,RS,3
1641654,Stephanie Soares,0.398,0.765,0.897,454,2025,RS,3
1641656,Laeticia Amihere,0.841,-0.078,-0.199,1056,2025,RS,3
1641657,Dorka Juhasz,-0.036,2.13,1.628,1560,2025,RS,3
1641658,Grace Berger,-2.55,-0.679,-2.459,1032,2025,RS,3
1641660,Zia Cooke,-1.64,-1.376,-2.705,1117,2025,RS,3
1641661,Lou Lopez Senechal,-0.118,-0.003,0.033,346,2025,RS,3
1641700,Liz Dixon,-1.32,-2.125,-2.86,460,2025,RS,3
1642210,Julie Vanloo,-2.78,-1.288,-2.497,3061,2025,RS,3
1642240,Jaelyn Brown,-1.553,-0.257,-1.657,306,2025,RS,3
1642244,Sevgi Uzun,-1.543,1.257,0.217,2572,2025,RS,3
1642286,Caitlin Clark,-1.717,-1.902,-2.616,3811,2025,RS,3
1642287,Cameron Brink,-2.147,-0.28,-2.903,1605,2025,RS,3
1642288,Rickea Jackson,-1.543,-1.16,-0.863,5678,2025,RS,3
1642289,Kamilla Cardoso,-0.721,-0.851,-0.082,3993,2025,RS,3
1642290,Aaliyah Edwards,1.016,1.194,1.66,3216,2025,RS,3
1642291,Angel Reese,0.743,-1.076,0.091,4065,2025,RS,3
1642292,Jacy Sheldon,-1.142,-3.41,-2.876,2999,2025,RS,3
1642293,Alissa Pili,-0.297,0.24,-0.163,551,2025,RS,3
1642298,Celeste Taylor,0.427,0.125,0.399,647,2025,RS,3
1642303,Leila Lacan,0.757,2.029,1.352,1443,2025,RS,3
1642304,Carla Leite,-1.445,0.644,-0.442,1581,2025,RS,3
1642320,Jaylyn Sherrod,-1.639,0.578,-1.803,369,2025,RS,3
1642324,Kate Martin,0.238,-0.019,0.009,2301,2025,RS,3
1642767,Janelle Salaun,-0.367,-2.528,-1.856,2021,2025,RS,3
1642773,Kariata Diaby,-0.823,-2.388,-3.315,318,2025,RS,3
1642774,Murjanatu Musa,0.283,-1.118,-0.099,463,2025,RS,3
1642777,Monique Akoa Makani,0.446,-0.375,0.219,1712,2025,RS,3
1642782,Sarah Ashlee Barker,-2.126,0.223,-0.876,1185,2025,RS,3
1642784,Paige Bueckers,2.069,-0.057,1.65,2431,2025,RS,3
1642785,Sonia Citron,0.24,0.331,0.404,3133,2025,RS,3
1642792,Kiki Iriafen,-0.264,-0.163,-0.058,2654,2025,RS,3
1642793,Aziaha James,0.034,-2.273,-1.86,1637,2025,RS,3
1642798,Dominique Malonga,-1.189,1.139,-0.668,1725,2025,RS,3
1642800,Aneesah Morrow,-0.831,-0.617,-0.529,1738,2025,RS,3
1642801,Aaliyah Nye,-1.642,-0.797,-1.394,1443,2025,RS,3
1642802,Lucy Olsen,-2.082,-1.983,-3.117,1577,2025,RS,3
1642804,Te-Hina Paopao,0.187,-0.791,-0.608,1572,2025,RS,3
1642808,JJ Quinerly,0.921,0.87,1.533,1513,2025,RS,3
1642809,Saniya Rivers,-1.233,-1.216,-2.222,2419,2025,RS,3
1642815,Makayla Timpson,1.936,1.128,1.364,633,2025,RS,3
1642817,Hailey Van Lith,-0.888,-0.161,-0.487,948,2025,RS,3
1642818,Maddy Westbeld,-1.203,-2.523,-3.054,822,2025,RS,3
1642820,Liatu King,-0.884,-2.345,-2.1,355,2025,RS,3
1642822,Kaitlyn Chen,-2.471,-1.017,-2.639,567,2025,RS,3
1642841,Mamignan Toure,-1.147,-0.385,-1.82,431,2025,RS,3
100940,Diana Taurasi,0.552,1.274,1.422,3552,2026,RS,3
201886,DeWanna Bonner,0.081,4.261,2.071,6610,2026,RS,3
202250,Tina Charles,0.418,-3.445,-0.507,7036,2026,RS,3
202252,Alysha Clark,-2.703,1.927,-0.176,6356,2026,RS,3
202641,Sydney Colson,0.358,1.122,0.649,1855,2026,RS,3
202664,Courtney Vandersloot,-1.066,0.28,-0.708,2523,2026,RS,3
203014,Nneka Ogwumike,-0.217,3.444,2.356,8155,2026,RS,3
203024,Damiris Dantas,-0.118,-0.107,-0.938,1973,2026,RS,3
203026,Tiffany Hayes,0.406,0.204,1.183,4544,2026,RS,3
203035,Shey Peddy,0.638,0.126,0.83,853,2026,RS,3
203398,Brittney Griner,3.252,0.657,3.382,5247,2026,RS,3
203400,Skylar Diggins,6.555,1.35,6.164,8660,2026,RS,3
203406,Layshia Clarendon,-0.55,-1.246,-1.333,959,2026,RS,3
203416,Emma Meesseman,0.132,0.614,0.706,1424,2026,RS,3
203822,Rebekah Gardner,0.109,1.513,-0.04,2151,2026,RS,3
203824,Odyssey Sims,-0.785,-0.652,-0.425,3919,2026,RS,3
203825,Kayla McBride,0.803,-0.533,1.958,7605,2026,RS,3
203826,Alyssa Thomas,1.795,2.345,2.502,7485,2026,RS,3
203827,Natasha Howard,1.119,-0.592,0.485,5914,2026,RS,3
203828,Stefanie Dolson,-1.77,1.066,1.598,5433,2026,RS,3
203829,Bria Hartley,2.665,-6.99,-2.112,2655,2026,RS,3
203833,Chelsea Gray,1.129,-0.492,1.126,7013,2026,RS,3
203855,Stephanie Talbot,-3.412,1.043,-1.346,3811,2026,RS,3
203863,Haley Peters,3.448,-7.732,-2.947,1234,2026,RS,3
203866,Kayla Thornton,1.475,1.013,2.065,5333,2026,RS,3
204296,Rebecca Allen,-1.86,-1.103,-1.721,4016,2026,RS,3
204319,Jewell Loyd,-0.115,1.752,1.274,8889,2026,RS,3
204322,Elizabeth Williams,0.336,2.493,2.672,3589,2026,RS,3
204323,Cheyenne Parker-Tyus,-4.839,0.651,-2.049,1421,2026,RS,3
204324,Dearica Hamby,1.399,-0.296,2.219,8120,2026,RS,3
204329,Kiah Stokes,-2.609,2.453,-1.649,3641,2026,RS,3
204330,Isabelle Harrison,-1.053,0.96,0.206,3544,2026,RS,3
204333,Natasha Cloud,-0.385,-0.365,-0.041,8711,2026,RS,3
204335,Betnijah Laney-Hamilton,2.676,0.434,0.513,2813,2026,RS,3
204365,Erica Wheeler,2.968,-1.451,0.785,6056,2026,RS,3
1627668,Breanna Stewart,2.871,1.395,4.837,7339,2026,RS,3
1627669,Moriah Jefferson,-1.984,-0.158,-1.7,924,2026,RS,3
1627671,Rachel Banham,-1.41,-4.733,-2.213,5551,2026,RS,3
1627672,Aerial Powers,1.29,0.832,1.798,1515,2026,RS,3
1627673,Jonquel Jones,2.318,2.804,2.809,6522,2026,RS,3
1627674,Kahleah Copper,-0.49,-2.343,-1.576,5955,2026,RS,3
1627675,Courtney Williams,-0.624,2.389,0.264,8034,2026,RS,3
1627676,Tiffany Mitchell,-2.366,2.625,-0.076,3156,2026,RS,3
1627700,Julie Allemand,2.541,-0.839,1.115,3328,2026,RS,3
1627701,Temi Fagbenle,-3.052,1.951,-0.878,4498,2026,RS,3
1628242,Emma Cannon,-0.402,0.858,0.279,798,2026,RS,3
1628244,Sami Whitcomb,0.078,-0.177,0.621,5782,2026,RS,3
1628263,Lindsay Allen,0.307,-0.026,1.14,4064,2026,RS,3
1628269,Nia Coffey,-0.83,2.431,0.644,3706,2026,RS,3
1628276,Kelsey Plum,2.139,-0.781,1.318,9656,2026,RS,3
1628277,Allisha Gray,0.866,1.976,2.548,8226,2026,RS,3
1628278,Shatori Walker-Kimbrough,0.293,0.492,0.38,4334,2026,RS,3
1628279,Brittney Sykes,-0.978,0.382,-0.269,5213,2026,RS,3
1628280,Brionna Jones,4.321,1.151,3.93,6618,2026,RS,3
1628317,Karlie Samuelson,0.38,0.737,0.161,3146,2026,RS,3
1628508,Cecilia Zandalasini,1.363,1.835,-0.378,3412,2026,RS,3
1628878,Ariel Atkins,1.359,0.142,1.786,6727,2026,RS,3
1628881,Monique Billings,-2.221,-0.423,-2.063,3994,2026,RS,3
1628882,Lexie Brown,-0.833,-0.002,0.108,2211,2026,RS,3
1628886,Jordin Canada,0.674,-1.486,1.755,4286,2026,RS,3
1628890,Diamond DeShields,0.099,-0.516,-0.418,1436,2026,RS,3
1628899,Myisha Hines-Allen,-0.799,-1.632,-0.055,5005,2026,RS,3
1628909,Kelsey Mitchell,4.237,-1.221,4.305,8936,2026,RS,3
1628915,Kia Nurse,-3.203,-2.343,-3.073,6318,2026,RS,3
1628920,Mercedes Russell,-4.153,2.04,-1.615,2697,2026,RS,3
1628922,Azurá Stevens,0.467,-5.456,-3.089,5722,2026,RS,3
1628926,Maria Kliundikova,1.407,-0.197,0.932,1515,2026,RS,3
1628927,Victoria Vivians,-0.658,-0.634,-1.38,1581,2026,RS,3
1628929,Kristy Wallace,-0.735,-0.805,-1.559,1280,2026,RS,3
1628931,Gabby Williams,0.336,-1.015,-1.061,5241,2026,RS,3
1628932,A'ja Wilson,3.998,4.408,2.752,8662,2026,RS,3
1628957,Kathryn Westbeld,-0.818,1.001,0.468,2664,2026,RS,3
1629477,Sabrina Ionescu,0.237,0.17,0.074,7454,2026,RS,3
1629478,Katie Lou Samuelson,-0.564,-1.308,-1.867,2475,2026,RS,3
1629479,Teaira McCowan,0.18,-0.602,0.327,3721,2026,RS,3
1629480,Kalani Brown,-1.303,0.459,-0.694,2685,2026,RS,3
1629481,Arike Ogunbowale,-0.084,-1.546,0.227,7258,2026,RS,3
1629482,Sophie Cunningham,-0.188,-0.669,0.038,6162,2026,RS,3
1629483,Napheesa Collier,3.379,2.617,4.035,7161,2026,RS,3
1629484,Megan Gustafson,1.52,-2.771,0.578,2338,2026,RS,3
1629488,Brianna Turner,-1.324,1.172,0.044,1689,2026,RS,3
1629490,Kitija Laksa,0.085,-1.174,-0.587,2075,2026,RS,3
1629491,Jessica Shepard,1.426,0.046,2.299,2801,2026,RS,3
1629496,Ezi Magbegor,1.317,-0.181,1.184,7335,2026,RS,3
1629497,Marina Mabrey,-0.813,3.398,3.053,7499,2026,RS,3
1629498,Jackie Young,1.866,-1.442,3.053,9040,2026,RS,3
1629501,Alanna Smith,2.143,1.458,0.556,7106,2026,RS,3
1629524,Bridget Carleton,1.661,2.799,3.085,7806,2026,RS,3
1629539,Amy Okonkwo,2.735,-0.044,2.565,462,2026,RS,3
1629546,Marine Johannes,1.277,0.059,-0.466,2849,2026,RS,3
1629567,Natisha Hiedeman,1.032,1.241,1.178,5670,2026,RS,3
1629568,Kennedy Burke,-0.545,0.638,1.699,3841,2026,RS,3
1629571,Morgan Bertsch,-1.493,0.176,-1.353,342,2026,RS,3
1629574,Li Yueru,0.636,-0.986,0.562,3378,2026,RS,3
1630096,DiJonai Carrington,-0.708,-0.946,-1.021,5540,2026,RS,3
1630097,Kaila Charles,-0.223,2.711,1.299,2057,2026,RS,3
1630101,Crystal Dangerfield,-0.523,-0.959,-1.005,2026,2026,RS,3
1630112,Tyasha Harris,-3.634,0.487,-1.597,3158,2026,RS,3
1630114,Mikiah Herbert Harrigan,-0.149,-0.089,-0.897,942,2026,RS,3
1630115,Joyner Holmes,-1.831,-0.804,-1.954,860,2026,RS,3
1630134,Sug Sutton,2.483,-0.534,1.925,4921,2026,RS,3
1630142,Leonie Fiebich,1.043,2.132,1.826,6285,2026,RS,3
1630143,Luisa Geiselsoder,-1.146,0.487,-1.839,2078,2026,RS,3
1630149,Satou Sabally,2.706,1.158,3.295,4379,2026,RS,3
1630150,Chennedy Carter,-0.796,1.296,-0.486,2846,2026,RS,3
1630151,Olivia Epoupa,-1.478,0.892,-0.528,347,2026,RS,3
1630387,Iliana Rupert,1.717,1.285,2.252,1460,2026,RS,3
1630389,Dana Evans,-1.731,-1.395,-2.462,5129,2026,RS,3
1630442,Natasha Mack,3.169,2.651,4.004,4074,2026,RS,3
1630446,Michaela Onyenwere,-1.529,-1.462,-1.329,4637,2026,RS,3
1630459,DiDi Richards,-1.565,-0.822,-2.111,840,2026,RS,3
1630461,Kiana Williams,0.646,1.552,-0.993,683,2026,RS,3
1630462,Aari McDonald,-0.949,-0.144,-0.618,3593,2026,RS,3
1630471,Maya Caldwell,2.048,-2.619,0.564,3626,2026,RS,3
1630996,Rae Burrell,1.742,0.291,2.08,4145,2026,RS,3
1631006,Kierstan Bell,-3.356,1.498,-0.241,1506,2026,RS,3
1631007,Veronica Burton,4.477,3.482,5.114,5554,2026,RS,3
1631009,Rhyne Howard,0.004,4.622,0.65,5324,2026,RS,3
1631019,NaLyssa Smith,0.108,-1.057,-0.544,6286,2026,RS,3
1631021,Sika Kone,-3.176,0.289,-1.243,917,2026,RS,3
1631022,Shakira Austin,-3.448,3.401,-0.942,3705,2026,RS,3
1631032,Lorela Cubaj,-0.882,0.834,0.043,948,2026,RS,3
1631044,Naz Hillmon,0.881,1.123,0.582,5532,2026,RS,3
1631055,Nyara Sabally,-0.675,2.553,-0.352,2597,2026,RS,3
1631064,Chloe Bibby,0.031,0.136,-0.774,569,2026,RS,3
1631083,Emily Engstler,-0.599,0.471,-0.967,3494,2026,RS,3
1631086,Lexie Hull,-0.398,-0.56,-0.365,5848,2026,RS,3
1631089,Destanni Henderson,0.375,0.64,0.861,422,2026,RS,3
1631118,Lexi Held,-2.384,-1.08,-1.999,1508,2026,RS,3
1631135,Olivia Nelson-Ododa,1.946,-2.205,-0.779,4255,2026,RS,3
1631141,Jade Melbourne,-0.401,-1.201,-0.757,4460,2026,RS,3
1641602,Ivana Dojkić,-1.044,0.545,-1.048,560,2026,RS,3
1641648,Aliyah Boston,3.001,2.6,0.706,7719,2026,RS,3
1641649,Diamond Miller,-3.598,-1.124,-3.633,2279,2026,RS,3
1641650,Haley Jones,-0.148,-0.659,0.383,4101,2026,RS,3
1641651,Jordan Horston,-4.395,-0.049,-4.043,3132,2026,RS,3
1641652,Maddy Siegrist,-0.417,-2.602,-0.736,4605,2026,RS,3
1641654,Stephanie Soares,-1.046,-0.433,-1.362,886,2026,RS,3
1641656,Laeticia Amihere,3.762,-0.166,3.071,1832,2026,RS,3
1641657,Dorka Juhasz,-0.741,1.944,0.764,2077,2026,RS,3
1641658,Grace Berger,-0.895,-1.611,-1.68,1719,2026,RS,3
1641660,Zia Cooke,5.473,-5.961,-1.652,2066,2026,RS,3
1641661,Lou Lopez Senechal,-0.933,0.619,0.284,796,2026,RS,3
1641700,Liz Dixon,-0.998,-0.753,-1.706,495,2026,RS,3
1642210,Julie Vanloo,0.608,-3.157,-2.04,3863,2026,RS,3
1642240,Jaelyn Brown,-2.454,1.042,-1.061,699,2026,RS,3
1642244,Sevgi Uzun,-0.65,0.158,-0.313,3500,2026,RS,3
1642286,Caitlin Clark,-1.917,-3.592,-0.615,5859,2026,RS,3
1642287,Cameron Brink,-3.128,-1.118,-3.405,2062,2026,RS,3
1642288,Rickea Jackson,-2.294,-0.422,-0.742,7568,2026,RS,3
1642289,Kamilla Cardoso,0.871,-0.682,0.952,6258,2026,RS,3
1642290,Aaliyah Edwards,-1.237,1.776,0.843,4353,2026,RS,3
1642291,Angel Reese,1.152,2.011,1.783,6676,2026,RS,3
1642292,Jacy Sheldon,0.556,-7.137,-3.851,5042,2026,RS,3
1642293,Alissa Pili,-1.303,0.545,-1.0,943,2026,RS,3
1642295,Elizabeth Kitley,-0.35,-1.332,-1.998,308,2026,RS,3
1642298,Celeste Taylor,0.24,-0.565,-0.762,1027,2026,RS,3
1642299,Nika Muhl,2.04,-1.044,0.715,320,2026,RS,3
1642301,Marquesha Davis,0.403,0.179,-0.148,392,2026,RS,3
1642303,Leila Lacan,0.23,2.399,2.31,1903,2026,RS,3
1642304,Carla Leite,1.222,0.754,2.802,1939,2026,RS,3
1642320,Jaylyn Sherrod,-0.559,-0.857,-1.448,545,2026,RS,3
1642324,Kate Martin,0.409,-0.155,-0.637,3693,2026,RS,3
1642767,Janelle Salaun,1.601,-3.359,0.875,3084,2026,RS,3
1642773,Kariata Diaby,-0.587,-0.297,-0.902,399,2026,RS,3
1642774,Murjanatu Musa,0.729,-2.128,-1.557,582,2026,RS,3
1642777,Monique Akoa Makani,0.592,0.263,0.837,2553,2026,RS,3
1642782,Sarah Ashlee Barker,0.316,-2.142,-1.364,1820,2026,RS,3
1642784,Paige Bueckers,3.806,-2.33,2.033,3342,2026,RS,3
1642785,Sonia Citron,2.793,2.361,1.209,3804,2026,RS,3
1642792,Kiki Iriafen,0.991,-0.536,3.155,3582,2026,RS,3
1642793,Aziaha James,1.577,-0.606,-0.346,2234,2026,RS,3
1642796,Rayah Marshall,-0.963,0.452,-0.365,316,2026,RS,3
1642798,Dominique Malonga,4.244,-4.511,-1.001,2431,2026,RS,3
1642800,Aneesah Morrow,-1.579,2.347,0.117,2418,2026,RS,3
1642801,Aaliyah Nye,-0.616,-0.742,-0.934,2269,2026,RS,3
1642802,Lucy Olsen,-4.297,-1.688,-3.566,2122,2026,RS,3
1642804,Te-Hina Paopao,-0.77,-0.832,-1.019,2273,2026,RS,3
1642808,JJ Quinerly,0.366,0.993,1.104,2032,2026,RS,3
1642809,Saniya Rivers,-4.529,-4.386,-5.664,3361,2026,RS,3
1642815,Makayla Timpson,2.76,-0.339,2.485,881,2026,RS,3
1642817,Hailey Van Lith,-1.672,-1.142,-2.129,1215,2026,RS,3
1642818,Maddy Westbeld,0.94,0.283,1.339,983,2026,RS,3
1642820,Liatu King,-0.608,-1.44,-1.856,458,2026,RS,3
1642822,Kaitlyn Chen,1.145,-0.278,1.967,705,2026,RS,3
1642841,Mamignan Toure,-1.309,-0.301,-1.354,431,2026,RS,3
