player_id,player_name,orapm,drapm,net_rapm,possessions,season,season_type
100720.0,Sue Bird,-0.57,-1.571,-2.058,2523.0,2017,RS
100812.0,Erika de Souza,-1.638,-0.552,-1.798,913.0,2017,RS
100888.0,Plenette Pierson,-1.367,2.058,0.483,1844.0,2017,RS
100915.0,Lindsay Whalen,0.647,-1.658,-0.458,1533.0,2017,RS
100940.0,Diana Taurasi,2.547,-0.524,1.675,2418.0,2017,RS
100944.0,Rebekkah Brunson,1.354,-1.668,-1.135,2327.0,2017,RS
100949.0,Alana Beard,0.358,1.846,0.506,2772.0,2017,RS
100952.0,Jia Perkins,-2.349,1.373,-1.761,1950.0,2017,RS
101023.0,Sancho Lyttle,-3.376,1.471,-1.459,2407.0,2017,RS
200665.0,Cappie Pondexter,-2.702,-0.841,-2.474,2610.0,2017,RS
200671.0,Seimone Augustus,2.289,-0.602,1.611,2618.0,2017,RS
200673.0,Monique Currie,-0.24,-0.837,-0.663,1986.0,2017,RS
200676.0,Candice Dupree,1.877,-1.968,1.034,2829.0,2017,RS
201049.0,Noelle Quinn,-0.5,0.851,0.573,1918.0,2017,RS
201050.0,Tiffany Jackson,-1.092,1.517,0.749,565.0,2017,RS
201056.0,Ivory Latta,-0.26,1.103,0.669,1465.0,2017,RS
201062.0,Shay Murphy,-0.76,-0.333,-1.107,706.0,2017,RS
201067.0,Camille Smith,0.153,0.385,0.267,2345.0,2017,RS
201477.0,Tamera Young,-2.021,1.058,-0.655,2224.0,2017,RS
201480.0,Sylvia Fowles,3.736,2.711,4.495,2882.0,2017,RS
201492.0,Matee Ajavon,-1.233,0.526,-0.931,1060.0,2017,RS
201496.0,Candace Parker,0.47,2.771,1.308,2840.0,2017,RS
201502.0,Essence Carson,-0.142,0.91,0.083,1426.0,2017,RS
201503.0,Erlana Larkins,-0.763,-1.497,-1.003,1983.0,2017,RS
201507.0,Leilani Mitchell,-0.657,0.475,-0.647,1869.0,2017,RS
201516.0,Allie Quigley,2.777,-2.118,1.158,2751.0,2017,RS
201518.0,Crystal Langhorne,2.333,0.773,3.112,2628.0,2017,RS
201530.0,Sequoia Holmes,1.855,-0.544,0.667,1001.0,2017,RS
201889.0,Marissa Coleman,-2.982,-1.138,-2.415,1693.0,2017,RS
201896.0,Briann January,-2.102,-1.77,-2.232,1882.0,2017,RS
201904.0,Renee Montgomery,-0.094,-0.031,-0.282,2506.0,2017,RS
201907.0,Courtney Paris,-0.74,-0.269,-0.947,927.0,2017,RS
201911.0,Kristi Toliver,0.971,-2.889,-0.842,2977.0,2017,RS
201913.0,Kia Vaughn,0.124,-0.535,-0.401,1729.0,2017,RS
201919.0,Shavonte Zellous,1.062,0.791,1.377,2975.0,2017,RS
202250.0,Tina Charles,2.438,1.778,3.63,2943.0,2017,RS
202252.0,Alysha Clark,0.233,-1.27,-0.636,2507.0,2017,RS
202255.0,Allison Hightower,-0.332,-0.272,-0.87,588.0,2017,RS
202259.0,Epiphanny Prince,0.533,1.605,1.347,2177.0,2017,RS
202632.0,Maya Moore,3.051,2.415,3.673,2881.0,2017,RS
202638.0,Jessica Breland,-0.834,-0.164,-0.909,2461.0,2017,RS
202640.0,Karima Christmas-Kelly,1.425,-0.333,1.432,3121.0,2017,RS
202641.0,Sydney Colson,-2.625,0.495,-1.964,977.0,2017,RS
202644.0,Amber Harris,-1.819,-1.071,-2.811,763.0,2017,RS
202650.0,Jantel Lavender,-0.276,1.687,1.187,2027.0,2017,RS
202652.0,Alex Montgomery,-1.901,-0.046,-1.029,2595.0,2017,RS
202653.0,Kayla Pedersen,0.133,0.653,0.779,890.0,2017,RS
202656.0,Jeanette Pohlen-Mavunga,0.299,0.675,1.525,861.0,2017,RS
202657.0,Angel Robinson,0.724,0.273,1.313,498.0,2017,RS
202658.0,Danielle Robinson,0.961,0.384,0.706,1664.0,2017,RS
202662.0,Jasmine Thomas,2.096,-0.039,0.864,2563.0,2017,RS
202663.0,Krystal Thomas,1.819,1.528,3.01,2372.0,2017,RS
202664.0,Courtney Vandersloot,-0.393,-1.379,-1.059,2012.0,2017,RS
202670.0,Carolyn Swords,-1.165,-0.802,-1.384,896.0,2017,RS
203014.0,Nneka Ogwumike,4.275,0.538,2.903,2836.0,2017,RS
203015.0,Shekinna Stricklen,0.507,2.193,1.67,2500.0,2017,RS
203017.0,Glory Johnson,-0.561,-1.805,-1.467,3019.0,2017,RS
203018.0,Shenise Johnson,1.639,-0.14,1.066,1013.0,2017,RS
203024.0,Damiris Dantas,1.307,-2.804,-1.203,1843.0,2017,RS
203026.0,Tiffany Hayes,1.296,-1.343,0.537,2749.0,2017,RS
203029.0,Riquna Williams,-0.887,0.316,-1.201,1245.0,2017,RS
203034.0,Keisha Hampton,0.939,1.415,2.315,419.0,2017,RS
203041.0,Lynetta Kizer,-0.117,-0.102,-1.147,595.0,2017,RS
203389.0,Yvonne Turner,-1.412,1.904,-0.233,1671.0,2017,RS
203398.0,Brittney Griner,2.384,0.785,2.123,2232.0,2017,RS
203399.0,Elena Delle Donne,1.979,0.136,1.98,2193.0,2017,RS
203400.0,Skylar Diggins,0.974,-1.481,-0.014,3057.0,2017,RS
203401.0,Tayler Hill,2.136,-2.119,0.32,1450.0,2017,RS
203403.0,Tianna Hawkins,0.538,0.602,0.702,1849.0,2017,RS
203405.0,Kayla Alexander,-1.018,-0.674,-1.097,1646.0,2017,RS
203406.0,Layshia Clarendon,0.034,-2.214,-1.131,2694.0,2017,RS
203410.0,Alex Bentley,-1.706,1.837,-0.341,1908.0,2017,RS
203411.0,Sugar Rodgers,-1.511,0.699,-0.97,2289.0,2017,RS
203416.0,Emma Meesseman,1.614,-3.023,-1.447,1998.0,2017,RS
203437.0,Tierra Ruffin-Pratt,-1.363,-0.514,-1.855,2560.0,2017,RS
203824.0,Odyssey Sims,-0.342,1.482,-0.101,2053.0,2017,RS
203825.0,Kayla McBride,-1.365,0.172,0.218,2729.0,2017,RS
203826.0,Alyssa Thomas,3.614,2.452,4.273,2837.0,2017,RS
203827.0,Natasha Howard,0.337,2.007,0.914,1772.0,2017,RS
203828.0,Stefanie Dolson,2.366,-0.649,1.848,2812.0,2017,RS
203829.0,Bria Hartley,-0.021,-0.063,-0.117,2455.0,2017,RS
203831.0,Natalie Achonwa,-0.46,0.159,0.573,1912.0,2017,RS
203833.0,Chelsea Gray,2.951,1.721,3.866,3269.0,2017,RS
203835.0,Jordan Hooper,-0.345,-1.631,-1.346,1248.0,2017,RS
203849.0,Theresa Plaisance,-0.272,1.148,0.769,1842.0,2017,RS
203855.0,Stephanie Talbot,0.262,0.501,0.231,1894.0,2017,RS
203859.0,Asia Taylor,-0.253,1.14,0.463,917.0,2017,RS
203866.0,Kayla Thornton,1.692,-1.268,0.72,2378.0,2017,RS
204296.0,Rebecca Allen,-1.733,-0.171,-2.258,701.0,2017,RS
204297.0,Cayla George,-0.279,1.599,1.019,1237.0,2017,RS
204317.0,Ramu Tokashiki,-2.199,0.966,-0.628,1398.0,2017,RS
204319.0,Jewell Loyd,0.731,0.297,0.661,3309.0,2017,RS
204320.0,Amanda Zahui B,-2.023,0.142,-1.906,437.0,2017,RS
204321.0,Kaleena Mosqueda-Lewis,-0.401,-0.175,-0.163,622.0,2017,RS
204322.0,Elizabeth Williams,0.077,0.389,0.281,2580.0,2017,RS
204323.0,Cheyenne Parker-Tyus,0.808,0.949,1.325,499.0,2017,RS
204324.0,Dearica Hamby,-1.412,-0.848,-2.016,1781.0,2017,RS
204329.0,Kiah Stokes,-1.335,0.208,-1.205,1730.0,2017,RS
204330.0,Isabelle Harrison,0.426,-0.071,0.702,2535.0,2017,RS
204333.0,Natasha Cloud,-0.259,1.78,0.489,1490.0,2017,RS
204365.0,Erica Wheeler,-1.851,-2.855,-3.773,2778.0,2017,RS
1627668.0,Breanna Stewart,1.677,0.882,1.604,3370.0,2017,RS
1627669.0,Moriah Jefferson,-0.239,0.92,0.166,1633.0,2017,RS
1627670.0,Morgan Tuck,-3.604,1.255,-1.666,1204.0,2017,RS
1627671.0,Rachel Banham,1.533,-3.206,-1.019,850.0,2017,RS
1627672.0,Aerial Powers,-0.273,-0.786,-0.364,889.0,2017,RS
1627673.0,Jonquel Jones,4.907,-0.375,3.02,2924.0,2017,RS
1627674.0,Kahleah Copper,-0.471,0.507,0.545,1815.0,2017,RS
1627675.0,Courtney Williams,3.559,-4.737,-1.116,2644.0,2017,RS
1627676.0,Tiffany Mitchell,-1.341,0.344,-0.359,2143.0,2017,RS
1627677.0,Imani McGee-Stafford,-1.644,1.66,0.093,1607.0,2017,RS
1627678.0,Bria Holmes,1.598,0.753,2.161,2194.0,2017,RS
1627681.0,Jazmon Gwathmey,-2.446,0.141,-2.361,1219.0,2017,RS
1628242.0,Emma Cannon,0.734,0.546,1.198,1821.0,2017,RS
1628244.0,Sami Whitcomb,-1.774,0.602,-1.555,1395.0,2017,RS
1628248.0,Nayo Raincock-Ekunwe,1.697,1.469,3.656,973.0,2017,RS
1628263.0,Lindsay Allen,-1.386,0.554,-1.037,662.0,2017,RS
1628267.0,Saniya Chong,-1.706,-0.26,-1.989,1376.0,2017,RS
1628269.0,Nia Coffey,-0.043,0.9,0.848,688.0,2017,RS
1628273.0,Kaela Davis,-2.32,-0.885,-2.27,1997.0,2017,RS
1628276.0,Kelsey Plum,-0.289,0.02,0.038,2205.0,2017,RS
1628277.0,Allisha Gray,1.374,-0.799,0.408,2922.0,2017,RS
1628278.0,Shatori Walker-Kimbrough,-1.331,0.199,-1.297,1178.0,2017,RS
1628279.0,Brittney Sykes,-1.29,-1.976,-1.741,2787.0,2017,RS
1628280.0,Brionna Jones,3.875,-0.588,2.461,477.0,2017,RS
1628282.0,Sydney Wiese,0.195,0.131,0.599,713.0,2017,RS
1628283.0,Alexis Jones,-2.388,0.546,-1.752,740.0,2017,RS
1628284.0,Alexis Peterson,-3.026,0.329,-2.715,397.0,2017,RS
1628286.0,Erica McCall,-3.187,-0.287,-2.33,1265.0,2017,RS
1628287.0,Jennie Simms,-1.836,1.921,-0.438,374.0,2017,RS
1628297.0,Alexis Prince,-1.127,1.812,0.308,408.0,2017,RS
100720.0,Sue Bird,3.89,-0.666,1.716,2463.0,2018,RS
100915.0,Lindsay Whalen,0.013,2.62,2.339,1585.0,2018,RS
100940.0,Diana Taurasi,3.753,1.863,5.146,2814.0,2018,RS
100944.0,Rebekkah Brunson,-0.519,1.839,1.462,1856.0,2018,RS
100949.0,Alana Beard,-2.273,-1.056,-2.831,2114.0,2018,RS
101023.0,Sancho Lyttle,1.183,-1.5,-1.015,1152.0,2018,RS
101030.0,Tanisha Wright,-2.262,-0.214,-1.805,1683.0,2018,RS
200665.0,Cappie Pondexter,-2.488,-3.724,-4.942,1795.0,2018,RS
200671.0,Seimone Augustus,-1.002,-1.112,-0.977,2455.0,2018,RS
200673.0,Monique Currie,-2.378,-1.596,-2.994,1346.0,2018,RS
200676.0,Candice Dupree,-1.36,0.629,0.493,2590.0,2018,RS
201049.0,Noelle Quinn,-3.699,-3.592,-5.004,544.0,2018,RS
201067.0,Camille Smith,-0.65,-3.463,-4.137,1414.0,2018,RS
201477.0,Tamera Young,-2.188,1.222,-1.095,2449.0,2018,RS
201480.0,Sylvia Fowles,1.007,0.448,0.846,2859.0,2018,RS
201496.0,Candace Parker,0.806,0.294,1.171,3009.0,2018,RS
201502.0,Essence Carson,1.63,1.152,1.823,2464.0,2018,RS
201503.0,Erlana Larkins,0.29,1.635,0.915,542.0,2018,RS
201506.0,LaToya Sanders,4.926,1.774,4.362,1744.0,2018,RS
201507.0,Leilani Mitchell,-2.607,-2.677,-5.1,1003.0,2018,RS
201516.0,Allie Quigley,0.887,-0.018,1.511,2690.0,2018,RS
201518.0,Crystal Langhorne,-1.025,-3.202,-2.608,1000.0,2018,RS
201881.0,Angel McCoughtry,-0.331,2.457,2.186,2494.0,2018,RS
201886.0,DeWanna Bonner,0.586,1.245,1.68,3222.0,2018,RS
201889.0,Marissa Coleman,-2.019,-0.886,-2.574,1000.0,2018,RS
201896.0,Briann January,-0.397,-4.162,-3.408,2247.0,2018,RS
201904.0,Renee Montgomery,-0.204,-0.215,-0.466,2836.0,2018,RS
201907.0,Courtney Paris,2.947,-1.832,1.606,1125.0,2018,RS
201911.0,Kristi Toliver,4.993,-1.08,3.486,3558.0,2018,RS
201913.0,Kia Vaughn,-1.312,0.605,0.098,1862.0,2018,RS
201919.0,Shavonte Zellous,-0.928,0.58,0.382,1703.0,2018,RS
202250.0,Tina Charles,0.934,1.077,3.214,3300.0,2018,RS
202252.0,Alysha Clark,5.177,1.431,5.157,2496.0,2018,RS
202259.0,Epiphanny Prince,-1.305,-0.666,-1.315,934.0,2018,RS
202632.0,Maya Moore,-0.357,0.916,0.571,2926.0,2018,RS
202633.0,Liz Cambage,1.667,2.155,2.995,3060.0,2018,RS
202638.0,Jessica Breland,-1.494,2.074,-0.275,2698.0,2018,RS
202640.0,Karima Christmas-Kelly,0.449,1.148,2.302,486.0,2018,RS
202650.0,Jantel Lavender,-2.735,2.548,-0.178,2020.0,2018,RS
202652.0,Alex Montgomery,-1.908,-0.145,-1.275,633.0,2018,RS
202657.0,Angel Robinson,-1.107,-0.376,-0.853,529.0,2018,RS
202658.0,Danielle Robinson,-0.253,-2.752,-2.574,1481.0,2018,RS
202662.0,Jasmine Thomas,-1.007,0.822,-0.36,2381.0,2018,RS
202663.0,Krystal Thomas,-3.257,0.743,-1.732,636.0,2018,RS
202664.0,Courtney Vandersloot,-0.295,0.546,0.705,2660.0,2018,RS
202670.0,Carolyn Swords,4.049,-0.247,3.227,1181.0,2018,RS
203014.0,Nneka Ogwumike,0.276,3.608,2.864,2212.0,2018,RS
203015.0,Shekinna Stricklen,0.388,-1.249,-0.393,1801.0,2018,RS
203017.0,Glory Johnson,0.653,1.64,1.407,2174.0,2018,RS
203024.0,Damiris Dantas,-2.446,0.581,-1.305,849.0,2018,RS
203026.0,Tiffany Hayes,3.277,1.481,3.776,2979.0,2018,RS
203029.0,Riquna Williams,0.399,0.767,0.502,1679.0,2018,RS
203389.0,Yvonne Turner,0.848,-1.962,-1.518,1502.0,2018,RS
203398.0,Brittney Griner,3.105,3.837,5.621,2932.0,2018,RS
203399.0,Elena Delle Donne,6.199,-1.959,2.687,2801.0,2018,RS
203400.0,Skylar Diggins,-0.096,0.34,0.214,3235.0,2018,RS
203401.0,Tayler Hill,-3.722,0.219,-1.78,754.0,2018,RS
203402.0,Kelsey Bone,-1.126,-4.492,-3.851,1114.0,2018,RS
203403.0,Tianna Hawkins,-1.206,-4.048,-4.258,2021.0,2018,RS
203405.0,Kayla Alexander,-1.044,0.083,-0.609,920.0,2018,RS
203406.0,Layshia Clarendon,-1.799,-0.577,-2.172,1647.0,2018,RS
203410.0,Alex Bentley,4.1,2.881,4.284,2314.0,2018,RS
203411.0,Sugar Rodgers,-0.61,-0.68,-0.783,1895.0,2018,RS
203437.0,Tierra Ruffin-Pratt,-3.395,1.015,-1.706,1962.0,2018,RS
203823.0,Chiney Ogwumike,1.259,-0.925,-0.122,2369.0,2018,RS
203824.0,Odyssey Sims,0.39,1.761,2.045,2196.0,2018,RS
203825.0,Kayla McBride,1.397,-2.057,-0.878,3158.0,2018,RS
203826.0,Alyssa Thomas,2.96,2.211,3.666,2107.0,2018,RS
203827.0,Natasha Howard,-1.065,-0.042,-3.3,2797.0,2018,RS
203828.0,Stefanie Dolson,-1.063,0.777,-0.34,2320.0,2018,RS
203829.0,Bria Hartley,-2.282,-0.931,-1.929,2549.0,2018,RS
203831.0,Natalie Achonwa,-0.364,1.345,1.576,2548.0,2018,RS
203833.0,Chelsea Gray,0.862,0.936,1.835,3461.0,2018,RS
203838.0,Astou Ndour-Fall,0.625,-0.504,0.265,922.0,2018,RS
203855.0,Stephanie Talbot,-1.02,-0.851,-1.553,1399.0,2018,RS
203857.0,Jamierra Faulkner,-0.927,-0.502,-1.033,1044.0,2018,RS
203859.0,Asia Taylor,-0.834,0.388,-0.088,336.0,2018,RS
203866.0,Kayla Thornton,2.206,0.317,2.229,2972.0,2018,RS
204296.0,Rebecca Allen,-0.45,2.967,1.841,801.0,2018,RS
204297.0,Cayla George,-0.149,-0.011,0.366,946.0,2018,RS
204319.0,Jewell Loyd,4.088,4.555,7.166,3611.0,2018,RS
204320.0,Amanda Zahui B,-0.381,-0.524,-1.169,1117.0,2018,RS
204321.0,Kaleena Mosqueda-Lewis,-1.828,-1.478,-1.47,1132.0,2018,RS
204322.0,Elizabeth Williams,0.503,2.902,2.847,2528.0,2018,RS
204323.0,Cheyenne Parker-Tyus,2.311,0.061,1.254,1735.0,2018,RS
204324.0,Dearica Hamby,1.328,2.547,2.648,1421.0,2018,RS
204327.0,Brittany Boyd-Jones,-3.951,2.043,-2.093,1655.0,2018,RS
204329.0,Kiah Stokes,-2.436,1.053,-1.598,1343.0,2018,RS
204333.0,Natasha Cloud,6.362,1.889,6.403,2293.0,2018,RS
204335.0,Betnijah Laney-Hamilton,1.598,1.539,2.244,620.0,2018,RS
204355.0,Blake Dietrick,-1.912,0.217,-1.598,472.0,2018,RS
204365.0,Erica Wheeler,-4.419,1.329,-2.275,2078.0,2018,RS
1627668.0,Breanna Stewart,6.736,-2.696,2.901,3654.0,2018,RS
1627669.0,Moriah Jefferson,-3.118,2.802,-0.054,854.0,2018,RS
1627670.0,Morgan Tuck,1.626,1.916,2.338,1508.0,2018,RS
1627671.0,Rachel Banham,-1.005,-0.012,-1.288,1364.0,2018,RS
1627672.0,Aerial Powers,-0.494,-0.671,-1.821,1261.0,2018,RS
1627673.0,Jonquel Jones,4.492,2.985,5.358,2218.0,2018,RS
1627674.0,Kahleah Copper,-1.848,-1.288,-2.388,1849.0,2018,RS
1627675.0,Courtney Williams,1.218,0.725,1.451,2601.0,2018,RS
1627676.0,Tiffany Mitchell,-0.324,-0.652,-0.266,2594.0,2018,RS
1627677.0,Imani McGee-Stafford,0.55,1.811,0.523,1041.0,2018,RS
1627681.0,Jazmon Gwathmey,-2.514,-1.732,-3.978,343.0,2018,RS
1627701.0,Temi Fagbenle,-1.449,0.86,-0.585,1280.0,2018,RS
1628244.0,Sami Whitcomb,-0.556,-10.166,-9.758,773.0,2018,RS
1628263.0,Lindsay Allen,-0.995,1.893,0.452,1098.0,2018,RS
1628268.0,Alaina Coates,1.571,0.106,1.452,1318.0,2018,RS
1628269.0,Nia Coffey,-0.121,-3.797,-2.844,1370.0,2018,RS
1628273.0,Kaela Davis,-0.724,2.595,1.762,1457.0,2018,RS
1628276.0,Kelsey Plum,3.83,-4.791,-1.012,2504.0,2018,RS
1628277.0,Allisha Gray,-1.036,-1.739,-2.198,2945.0,2018,RS
1628278.0,Shatori Walker-Kimbrough,-0.766,0.826,-1.078,676.0,2018,RS
1628279.0,Brittney Sykes,0.249,1.099,0.985,2069.0,2018,RS
1628280.0,Brionna Jones,0.6,1.636,1.408,884.0,2018,RS
1628283.0,Alexis Jones,-2.493,-0.212,-1.392,950.0,2018,RS
1628285.0,Leticia Romero,-1.366,-2.071,-3.047,566.0,2018,RS
1628286.0,Erica McCall,-1.158,1.518,0.263,1662.0,2018,RS
1628508.0,Cecilia Zandalasini,-0.304,0.813,1.218,1575.0,2018,RS
1628868.0,Hind Ben Abdelkader,-2.782,1.437,-0.985,402.0,2018,RS
1628878.0,Ariel Atkins,6.046,-1.676,1.994,2143.0,2018,RS
1628881.0,Monique Billings,1.114,1.434,1.454,1147.0,2018,RS
1628882.0,Lexie Brown,-1.654,0.616,-1.844,337.0,2018,RS
1628886.0,Jordin Canada,0.061,-9.415,-7.857,1845.0,2018,RS
1628890.0,Diamond DeShields,-0.596,3.196,2.1,3135.0,2018,RS
1628895.0,Marie Gülich,-1.024,0.358,-0.195,317.0,2018,RS
1628897.0,Linnae Harper,-0.668,-0.311,-0.968,378.0,2018,RS
1628899.0,Myisha Hines-Allen,0.106,2.187,1.811,686.0,2018,RS
1628906.0,Stephanie Mavunga,1.704,-0.797,0.153,587.0,2018,RS
1628909.0,Kelsey Mitchell,-2.205,-2.382,-3.636,2358.0,2018,RS
1628913.0,Jaime Nared,-4.173,2.463,-1.65,1106.0,2018,RS
1628915.0,Kia Nurse,-0.791,1.922,0.931,2253.0,2018,RS
1628917.0,JiSu Park,5.71,-3.947,1.209,1640.0,2018,RS
1628920.0,Mercedes Russell,-1.68,-2.87,-3.566,532.0,2018,RS
1628922.0,Azurá Stevens,-1.326,1.612,-0.751,2730.0,2018,RS
1628926.0,Maria Kliundikova,-0.273,0.841,-0.626,567.0,2018,RS
1628927.0,Victoria Vivians,-0.784,1.416,1.589,2811.0,2018,RS
1628931.0,Gabby Williams,-1.906,-0.429,-2.707,1976.0,2018,RS
1628932.0,A'ja Wilson,2.967,3.211,5.23,2851.0,2018,RS
100940.0,Diana Taurasi,-3.597,-1.495,-3.674,457.0,2019,RS
100949.0,Alana Beard,-0.535,-0.468,-1.207,632.0,2019,RS
101023.0,Sancho Lyttle,0.818,-0.647,-0.496,990.0,2019,RS
101030.0,Tanisha Wright,-0.671,-1.45,-1.971,1695.0,2019,RS
200671.0,Seimone Augustus,-2.39,-0.906,-2.62,549.0,2019,RS
200676.0,Candice Dupree,-1.859,-0.87,-1.591,2512.0,2019,RS
201067.0,Camille Smith,-0.29,2.105,1.181,1124.0,2019,RS
201477.0,Tamera Young,-2.062,1.459,-0.564,1393.0,2019,RS
201480.0,Sylvia Fowles,2.254,-0.77,1.076,2513.0,2019,RS
201496.0,Candace Parker,1.897,0.009,1.652,1846.0,2019,RS
201502.0,Essence Carson,1.525,-0.864,0.198,1239.0,2019,RS
201506.0,LaToya Sanders,2.888,1.937,2.892,2027.0,2019,RS
201507.0,Leilani Mitchell,-0.368,-1.17,-1.003,2282.0,2019,RS
201516.0,Allie Quigley,3.53,-2.197,1.261,2899.0,2019,RS
201518.0,Crystal Langhorne,-2.903,0.59,-1.092,1796.0,2019,RS
201886.0,DeWanna Bonner,-0.19,0.625,0.015,3224.0,2019,RS
201896.0,Briann January,-2.039,1.677,-0.454,2361.0,2019,RS
201904.0,Renee Montgomery,-1.607,-0.687,-1.177,2787.0,2019,RS
201907.0,Courtney Paris,-1.522,-1.148,-2.41,647.0,2019,RS
201911.0,Kristi Toliver,2.952,-1.929,0.258,2372.0,2019,RS
201919.0,Shavonte Zellous,-3.465,-0.5,-2.899,1183.0,2019,RS
202250.0,Tina Charles,-1.563,-1.939,-1.537,3331.0,2019,RS
202252.0,Alysha Clark,1.126,1.284,2.187,2657.0,2019,RS
202633.0,Liz Cambage,0.673,0.66,1.128,2311.0,2019,RS
202638.0,Jessica Breland,-1.725,-1.265,-2.888,2382.0,2019,RS
202641.0,Sydney Colson,-0.03,2.718,1.121,1321.0,2019,RS
202650.0,Jantel Lavender,0.465,-0.891,-0.273,2081.0,2019,RS
202658.0,Danielle Robinson,-1.411,1.06,-0.751,2194.0,2019,RS
202662.0,Jasmine Thomas,1.804,0.326,1.229,2503.0,2019,RS
202664.0,Courtney Vandersloot,1.507,0.012,0.865,2741.0,2019,RS
202670.0,Carolyn Swords,-0.693,0.126,-0.053,1022.0,2019,RS
203014.0,Nneka Ogwumike,2.569,2.648,3.368,2629.0,2019,RS
203015.0,Shekinna Stricklen,4.169,0.815,4.017,2108.0,2019,RS
203017.0,Glory Johnson,-1.066,-0.365,-1.159,1844.0,2019,RS
203018.0,Shenise Johnson,-0.567,0.278,-0.508,671.0,2019,RS
203024.0,Damiris Dantas,1.173,2.135,2.565,1775.0,2019,RS
203026.0,Tiffany Hayes,0.525,-1.089,0.125,2663.0,2019,RS
203029.0,Riquna Williams,0.151,-1.761,-1.203,1836.0,2019,RS
203389.0,Yvonne Turner,-1.221,-0.577,-1.019,1589.0,2019,RS
203398.0,Brittney Griner,2.806,0.662,2.941,2669.0,2019,RS
203399.0,Elena Delle Donne,6.534,1.889,6.378,2553.0,2019,RS
203403.0,Tianna Hawkins,1.515,-1.569,0.307,1483.0,2019,RS
203406.0,Layshia Clarendon,2.853,0.552,4.201,412.0,2019,RS
203410.0,Alex Bentley,-3.135,-0.104,-2.618,2040.0,2019,RS
203411.0,Sugar Rodgers,-1.169,0.35,-1.02,1282.0,2019,RS
203416.0,Emma Meesseman,2.877,-1.537,0.485,1742.0,2019,RS
203437.0,Tierra Ruffin-Pratt,-0.012,0.678,0.319,2556.0,2019,RS
203823.0,Chiney Ogwumike,-0.758,0.844,-0.605,2028.0,2019,RS
203824.0,Odyssey Sims,1.214,0.378,1.163,2966.0,2019,RS
203825.0,Kayla McBride,0.27,-0.486,0.137,3009.0,2019,RS
203826.0,Alyssa Thomas,1.08,1.237,0.678,2859.0,2019,RS
203827.0,Natasha Howard,1.753,1.939,2.127,3146.0,2019,RS
203828.0,Stefanie Dolson,0.897,1.947,2.01,2533.0,2019,RS
203829.0,Bria Hartley,-1.097,-1.601,-1.589,1642.0,2019,RS
203831.0,Natalie Achonwa,-0.092,-0.336,-0.278,1885.0,2019,RS
203833.0,Chelsea Gray,-0.771,-0.293,-0.71,3570.0,2019,RS
203838.0,Astou Ndour-Fall,1.123,-0.755,0.579,1227.0,2019,RS
203839.0,Tiffany Bias,-1.568,1.177,-0.186,399.0,2019,RS
203849.0,Theresa Plaisance,-1.412,0.633,-0.806,1231.0,2019,RS
203855.0,Stephanie Talbot,-2.543,-0.364,-2.779,1814.0,2019,RS
203859.0,Asia Taylor,-0.151,0.182,0.705,369.0,2019,RS
203866.0,Kayla Thornton,-1.214,-0.944,-1.435,2323.0,2019,RS
204296.0,Rebecca Allen,-1.474,1.351,-0.376,994.0,2019,RS
204319.0,Jewell Loyd,-2.128,0.17,-0.996,2014.0,2019,RS
204320.0,Amanda Zahui B,-0.475,0.645,0.006,1511.0,2019,RS
204321.0,Kaleena Mosqueda-Lewis,-1.231,-2.033,-2.165,998.0,2019,RS
204322.0,Elizabeth Williams,-2.335,0.889,-0.889,2617.0,2019,RS
204323.0,Cheyenne Parker-Tyus,0.616,-0.723,-0.531,1693.0,2019,RS
204324.0,Dearica Hamby,1.629,1.218,2.187,2063.0,2019,RS
204327.0,Brittany Boyd-Jones,-2.909,-0.107,-3.0,1803.0,2019,RS
204330.0,Isabelle Harrison,0.393,-1.391,-0.557,2258.0,2019,RS
204333.0,Natasha Cloud,2.207,-2.614,-1.19,3034.0,2019,RS
204334.0,Reshanda Gray,-0.856,-1.776,-1.798,1724.0,2019,RS
204335.0,Betnijah Laney-Hamilton,-2.31,0.457,-2.224,2298.0,2019,RS
204365.0,Erica Wheeler,-1.245,0.279,-0.737,2159.0,2019,RS
1627670.0,Morgan Tuck,-0.791,0.321,-0.679,980.0,2019,RS
1627671.0,Rachel Banham,0.638,0.112,1.016,1052.0,2019,RS
1627672.0,Aerial Powers,1.452,-0.845,0.413,1880.0,2019,RS
1627673.0,Jonquel Jones,3.005,1.769,2.776,2976.0,2019,RS
1627674.0,Kahleah Copper,-1.521,0.015,-1.107,1771.0,2019,RS
1627675.0,Courtney Williams,-1.203,0.843,-1.029,2955.0,2019,RS
1627676.0,Tiffany Mitchell,1.491,-1.782,0.251,2222.0,2019,RS
1627677.0,Imani McGee-Stafford,0.66,1.526,0.925,1113.0,2019,RS
1627678.0,Bria Holmes,-3.109,0.681,-2.035,1741.0,2019,RS
1627701.0,Temi Fagbenle,-1.169,0.685,0.14,1129.0,2019,RS
1628244.0,Sami Whitcomb,0.262,1.341,0.912,2091.0,2019,RS
1628248.0,Nayo Raincock-Ekunwe,-0.776,1.736,1.247,1262.0,2019,RS
1628268.0,Alaina Coates,1.254,0.879,1.11,710.0,2019,RS
1628269.0,Nia Coffey,-0.124,-0.345,-0.303,1231.0,2019,RS
1628273.0,Kaela Davis,-3.046,0.953,-1.07,1944.0,2019,RS
1628276.0,Kelsey Plum,0.346,-1.51,-0.574,2645.0,2019,RS
1628277.0,Allisha Gray,-0.414,-0.294,-0.135,2925.0,2019,RS
1628278.0,Shatori Walker-Kimbrough,1.412,-0.156,0.452,1976.0,2019,RS
1628279.0,Brittney Sykes,0.755,0.601,1.79,2917.0,2019,RS
1628280.0,Brionna Jones,0.545,-0.094,0.208,716.0,2019,RS
1628282.0,Sydney Wiese,1.62,0.838,2.303,2266.0,2019,RS
1628283.0,Alexis Jones,-1.217,-0.811,-1.182,942.0,2019,RS
1628878.0,Ariel Atkins,3.552,1.671,3.046,2438.0,2019,RS
1628881.0,Monique Billings,1.028,2.504,2.65,1634.0,2019,RS
1628882.0,Lexie Brown,-0.382,1.405,0.143,1892.0,2019,RS
1628886.0,Jordin Canada,-0.192,1.041,-0.428,2712.0,2019,RS
1628890.0,Diamond DeShields,0.855,0.567,0.706,3229.0,2019,RS
1628895.0,Marie Gülich,0.495,-0.249,0.1,1353.0,2019,RS
1628899.0,Myisha Hines-Allen,-1.06,0.187,-1.564,488.0,2019,RS
1628906.0,Stephanie Mavunga,1.573,-0.845,0.803,550.0,2019,RS
1628907.0,Brooke McCarty-Williams,-1.939,1.121,-0.325,1388.0,2019,RS
1628909.0,Kelsey Mitchell,1.315,0.224,1.804,2342.0,2019,RS
1628915.0,Kia Nurse,0.773,-2.012,0.422,3033.0,2019,RS
1628917.0,JiSu Park,-2.373,1.493,-1.02,665.0,2019,RS
1628920.0,Mercedes Russell,0.648,-0.1,0.599,2616.0,2019,RS
1628922.0,Azurá Stevens,-2.399,-0.31,-3.109,466.0,2019,RS
1628926.0,Maria Kliundikova,-0.706,0.805,-1.358,607.0,2019,RS
1628931.0,Gabby Williams,-1.124,0.911,-0.174,1348.0,2019,RS
1628932.0,A'ja Wilson,0.543,-1.023,-0.003,1867.0,2019,RS
1629476.0,Asia (AD) Durr,-1.001,-0.917,-0.51,1316.0,2019,RS
1629478.0,Katie Lou Samuelson,0.96,-0.649,0.556,466.0,2019,RS
1629479.0,Teaira McCowan,4.126,1.275,4.265,1885.0,2019,RS
1629480.0,Kalani Brown,-1.278,-1.115,-2.296,1072.0,2019,RS
1629481.0,Arike Ogunbowale,0.005,-1.409,-0.151,2747.0,2019,RS
1629482.0,Sophie Cunningham,-0.259,-0.965,-0.889,1160.0,2019,RS
1629483.0,Napheesa Collier,1.761,2.105,2.418,2900.0,2019,RS
1629484.0,Megan Gustafson,2.25,0.24,2.719,841.0,2019,RS
1629485.0,Kristine Anigwe,-0.358,-2.447,-2.456,837.0,2019,RS
1629488.0,Brianna Turner,1.555,-1.112,0.737,1100.0,2019,RS
1629491.0,Jessica Shepard,-1.144,-0.061,-0.703,428.0,2019,RS
1629497.0,Marina Mabrey,-0.225,0.343,-0.24,963.0,2019,RS
1629498.0,Jackie Young,-2.0,-0.066,-1.761,2154.0,2019,RS
1629501.0,Alanna Smith,-2.742,1.65,-1.418,470.0,2019,RS
1629546.0,Marine Johannes,-0.124,-0.621,0.18,1034.0,2019,RS
1629566.0,Han Xu,-0.097,1.266,1.526,414.0,2019,RS
1629567.0,Natisha Hiedeman,-0.423,0.623,0.306,833.0,2019,RS
1629568.0,Kennedy Burke,-1.798,0.416,-2.009,1034.0,2019,RS
1629569.0,Maite Cazorla,-0.32,0.448,0.323,1350.0,2019,RS
100720.0,Sue Bird,1.172,0.348,1.159,779.0,2020,RS
100940.0,Diana Taurasi,0.806,0.491,1.053,1670.0,2020,RS
200671.0,Seimone Augustus,3.032,-0.106,2.302,1318.0,2020,RS
200676.0,Candice Dupree,0.156,-2.292,-1.257,1866.0,2020,RS
201480.0,Sylvia Fowles,2.506,1.323,3.061,424.0,2020,RS
201496.0,Candace Parker,0.535,0.624,0.894,2089.0,2020,RS
201502.0,Essence Carson,-2.896,-0.026,-2.255,970.0,2020,RS
201507.0,Leilani Mitchell,-0.166,0.309,0.977,1868.0,2020,RS
201516.0,Allie Quigley,0.626,0.027,0.856,2135.0,2020,RS
201881.0,Angel McCoughtry,2.647,0.637,2.209,1218.0,2020,RS
201886.0,DeWanna Bonner,0.158,1.287,1.005,2428.0,2020,RS
201896.0,Briann January,-0.957,2.102,1.232,824.0,2020,RS
201913.0,Kia Vaughn,1.219,-1.395,-0.373,1723.0,2020,RS
202252.0,Alysha Clark,3.108,4.076,5.239,1824.0,2020,RS
202259.0,Epiphanny Prince,0.267,0.768,0.798,550.0,2020,RS
202641.0,Sydney Colson,-1.728,0.596,-1.562,440.0,2020,RS
202658.0,Danielle Robinson,0.854,0.929,1.349,1282.0,2020,RS
202662.0,Jasmine Thomas,-2.222,0.671,-1.377,1393.0,2020,RS
202664.0,Courtney Vandersloot,1.85,-0.453,1.141,2221.0,2020,RS
202670.0,Carolyn Swords,-1.282,0.39,0.066,1504.0,2020,RS
203014.0,Nneka Ogwumike,0.594,2.179,2.093,1259.0,2020,RS
203015.0,Shekinna Stricklen,1.049,-0.87,1.46,1235.0,2020,RS
203017.0,Glory Johnson,-2.743,2.04,-1.121,955.0,2020,RS
203018.0,Shenise Johnson,-1.85,0.475,-2.135,536.0,2020,RS
203024.0,Damiris Dantas,1.399,-0.336,0.994,1488.0,2020,RS
203029.0,Riquna Williams,-0.89,0.615,-1.163,1338.0,2020,RS
203035.0,Shey Peddy,-2.846,2.213,-1.381,983.0,2020,RS
203043.0,Jacki Gemelos,-1.266,0.383,0.024,643.0,2020,RS
203398.0,Brittney Griner,-1.161,1.332,0.277,1089.0,2020,RS
203400.0,Skylar Diggins,2.157,-0.58,1.048,1976.0,2020,RS
203403.0,Tianna Hawkins,-2.714,-1.655,-3.565,1072.0,2020,RS
203406.0,Layshia Clarendon,-2.093,1.048,0.02,1554.0,2020,RS
203411.0,Sugar Rodgers,-0.061,1.664,0.878,1125.0,2020,RS
203416.0,Emma Meesseman,-1.093,1.635,0.195,2001.0,2020,RS
203437.0,Tierra Ruffin-Pratt,-0.671,-0.698,-1.061,694.0,2020,RS
203824.0,Odyssey Sims,0.227,0.62,1.348,729.0,2020,RS
203825.0,Kayla McBride,1.299,-1.225,0.049,1670.0,2020,RS
203826.0,Alyssa Thomas,-0.092,1.583,0.845,2127.0,2020,RS
203827.0,Natasha Howard,0.61,3.004,1.179,1492.0,2020,RS
203828.0,Stefanie Dolson,1.186,-0.877,-0.138,950.0,2020,RS
203829.0,Bria Hartley,-0.643,-1.325,-2.561,1198.0,2020,RS
203831.0,Natalie Achonwa,1.001,-2.086,-0.016,1238.0,2020,RS
203833.0,Chelsea Gray,-0.698,0.304,-0.335,2053.0,2020,RS
203838.0,Astou Ndour-Fall,-0.784,-4.573,-4.471,520.0,2020,RS
203866.0,Kayla Thornton,2.435,-1.655,0.553,1712.0,2020,RS
204319.0,Jewell Loyd,1.704,1.263,1.616,2087.0,2020,RS
204320.0,Amanda Zahui B,-2.438,3.273,0.957,1457.0,2020,RS
204321.0,Kaleena Mosqueda-Lewis,-3.049,-1.117,-3.049,386.0,2020,RS
204322.0,Elizabeth Williams,0.826,-0.88,0.482,1583.0,2020,RS
204323.0,Cheyenne Parker-Tyus,1.145,1.601,1.696,1434.0,2020,RS
204324.0,Dearica Hamby,0.289,1.902,0.535,1622.0,2020,RS
204329.0,Kiah Stokes,-2.852,1.536,-0.229,1849.0,2020,RS
204330.0,Isabelle Harrison,1.919,-2.688,-0.82,850.0,2020,RS
204335.0,Betnijah Laney-Hamilton,0.798,-0.768,0.369,2230.0,2020,RS
204355.0,Blake Dietrick,1.047,-4.189,-2.474,1213.0,2020,RS
1627668.0,Breanna Stewart,2.907,2.222,2.686,2037.0,2020,RS
1627669.0,Moriah Jefferson,2.489,-2.48,-0.472,470.0,2020,RS
1627670.0,Morgan Tuck,-1.426,0.359,-1.382,376.0,2020,RS
1627671.0,Rachel Banham,0.681,0.449,1.481,1357.0,2020,RS
1627672.0,Aerial Powers,0.67,0.526,1.073,510.0,2020,RS
1627674.0,Kahleah Copper,1.101,-0.189,1.062,2203.0,2020,RS
1627675.0,Courtney Williams,-4.617,0.61,-2.287,1864.0,2020,RS
1627676.0,Tiffany Mitchell,-1.535,1.701,0.041,1633.0,2020,RS
1627678.0,Bria Holmes,-0.608,-0.915,-1.483,1057.0,2020,RS
1627700.0,Julie Allemand,0.241,-2.621,-1.847,2173.0,2020,RS
1628244.0,Sami Whitcomb,0.845,0.648,0.838,1289.0,2020,RS
1628263.0,Lindsay Allen,-0.672,-1.731,-1.659,735.0,2020,RS
1628268.0,Alaina Coates,-1.319,0.649,-0.472,747.0,2020,RS
1628269.0,Nia Coffey,1.496,0.987,2.161,897.0,2020,RS
1628277.0,Allisha Gray,4.252,-2.463,2.121,1625.0,2020,RS
1628278.0,Shatori Walker-Kimbrough,2.21,2.284,2.415,1441.0,2020,RS
1628279.0,Brittney Sykes,1.389,0.561,1.386,1602.0,2020,RS
1628280.0,Brionna Jones,1.865,1.016,1.815,1730.0,2020,RS
1628282.0,Sydney Wiese,-1.003,0.215,-0.33,1111.0,2020,RS
1628286.0,Erica McCall,3.178,-2.613,0.074,1072.0,2020,RS
1628878.0,Ariel Atkins,2.197,-0.539,1.345,2128.0,2020,RS
1628881.0,Monique Billings,2.238,-2.872,-0.803,1618.0,2020,RS
1628882.0,Lexie Brown,-1.227,2.23,-0.609,1041.0,2020,RS
1628886.0,Jordin Canada,-1.4,1.791,-0.64,1542.0,2020,RS
1628890.0,Diamond DeShields,-1.99,-0.187,-1.622,795.0,2020,RS
1628895.0,Marie Gülich,-0.421,-0.371,-0.938,338.0,2020,RS
1628899.0,Myisha Hines-Allen,1.847,-1.228,0.409,1860.0,2020,RS
1628906.0,Stephanie Mavunga,-0.803,0.479,0.178,350.0,2020,RS
1628909.0,Kelsey Mitchell,0.294,-1.23,0.115,2215.0,2020,RS
1628915.0,Kia Nurse,-4.391,-2.832,-4.294,2024.0,2020,RS
1628920.0,Mercedes Russell,-1.558,2.055,0.216,915.0,2020,RS
1628922.0,Azurá Stevens,0.711,-0.7,-0.327,1090.0,2020,RS
1628927.0,Victoria Vivians,0.611,-0.141,1.228,302.0,2020,RS
1628931.0,Gabby Williams,-2.393,0.576,-2.077,1555.0,2020,RS
1628932.0,A'ja Wilson,1.068,1.49,1.016,1782.0,2020,RS
1629478.0,Katie Lou Samuelson,0.864,0.445,1.36,1340.0,2020,RS
1629479.0,Teaira McCowan,1.574,0.839,2.335,1441.0,2020,RS
1629481.0,Arike Ogunbowale,1.742,-0.8,1.142,2246.0,2020,RS
1629482.0,Sophie Cunningham,0.213,1.49,1.718,1199.0,2020,RS
1629483.0,Napheesa Collier,1.044,-0.736,-0.587,1890.0,2020,RS
1629485.0,Kristine Anigwe,0.471,0.064,-0.632,544.0,2020,RS
1629488.0,Brianna Turner,1.782,1.879,1.808,1959.0,2020,RS
1629492.0,Beatrice Mompremier,-0.29,0.836,-0.059,642.0,2020,RS
1629496.0,Ezi Magbegor,2.506,2.07,2.621,1004.0,2020,RS
1629497.0,Marina Mabrey,-0.553,1.536,0.514,1299.0,2020,RS
1629498.0,Jackie Young,0.223,1.824,1.334,1909.0,2020,RS
1629501.0,Alanna Smith,1.003,2.006,1.999,1170.0,2020,RS
1629502.0,Paris Kea,-1.699,-1.455,-2.726,568.0,2020,RS
1629506.0,Kiara Leslie,-1.868,-0.769,-1.992,1159.0,2020,RS
1629524.0,Bridget Carleton,1.047,-0.206,0.825,1669.0,2020,RS
1629567.0,Natisha Hiedeman,-1.941,1.978,0.671,1325.0,2020,RS
1629568.0,Kennedy Burke,0.019,-0.528,-0.166,1113.0,2020,RS
1630093.0,Bella Alarie,0.174,-3.163,-3.614,1081.0,2020,RS
1630097.0,Kaila Charles,-0.427,0.596,-0.301,993.0,2020,RS
1630099.0,Te'a Cooper,-0.091,1.9,1.274,1048.0,2020,RS
1630100.0,Lauren Cox,-1.8,-0.175,-1.531,728.0,2020,RS
1630101.0,Crystal Dangerfield,-0.285,-0.25,-0.159,1802.0,2020,RS
1630104.0,Kathleen Doyle,-1.806,0.315,-1.586,606.0,2020,RS
1630112.0,Tyasha Harris,-1.365,1.174,-0.325,1166.0,2020,RS
1630113.0,Ruthy Hebard,1.631,-0.934,0.455,911.0,2020,RS
1630114.0,Mikiah Herbert Harrigan,-1.451,2.239,0.511,645.0,2020,RS
1630115.0,Joyner Holmes,-2.802,-1.955,-2.634,600.0,2020,RS
1630118.0,Stella Johnson,1.802,-0.84,0.063,321.0,2020,RS
1630119.0,Jazmine Jones,-1.115,-0.944,-1.859,1465.0,2020,RS
1630127.0,Leaonna Odom,-1.637,1.153,0.468,1479.0,2020,RS
1630131.0,Kylee Shook,-3.723,-0.918,-3.035,1244.0,2020,RS
1630134.0,Sug Sutton,-0.673,-2.697,-1.909,349.0,2020,RS
1630136.0,Megan Walker,-2.632,-2.437,-2.975,845.0,2020,RS
1630139.0,Jocelyn Willoughby,-1.869,-2.962,-3.199,1524.0,2020,RS
1630149.0,Satou Sabally,-0.893,-0.903,-1.383,1226.0,2020,RS
1630150.0,Chennedy Carter,-0.15,-1.489,-1.093,1154.0,2020,RS
1630153.0,Jaylyn Agnew,2.72,-5.053,-0.847,402.0,2020,RS
100720.0,Sue Bird,0.968,-1.177,0.017,2537.0,2021,RS
100940.0,Diana Taurasi,0.411,-0.472,-0.059,1426.0,2021,RS
200676.0,Candice Dupree,-1.129,-0.669,-1.27,1356.0,2021,RS
201480.0,Sylvia Fowles,2.392,2.548,2.883,2736.0,2021,RS
201496.0,Candace Parker,2.165,0.121,1.924,2063.0,2021,RS
201507.0,Leilani Mitchell,-1.757,0.324,-0.783,1941.0,2021,RS
201516.0,Allie Quigley,2.997,-1.358,1.827,1955.0,2021,RS
201886.0,DeWanna Bonner,1.332,1.93,1.85,3142.0,2021,RS
201896.0,Briann January,1.323,1.271,1.557,2548.0,2021,RS
201911.0,Kristi Toliver,-0.354,-0.535,-1.0,1749.0,2021,RS
201913.0,Kia Vaughn,-1.354,-1.586,-2.301,1658.0,2021,RS
201919.0,Shavonte Zellous,0.446,0.485,0.714,1568.0,2021,RS
202250.0,Tina Charles,2.337,-1.403,1.536,2694.0,2021,RS
202259.0,Epiphanny Prince,-0.699,-0.727,-2.191,1222.0,2021,RS
202633.0,Liz Cambage,0.085,2.368,1.095,1947.0,2021,RS
202638.0,Jessica Breland,-2.641,-1.419,-4.453,1663.0,2021,RS
202650.0,Jantel Lavender,-1.959,-1.62,-1.63,1879.0,2021,RS
202658.0,Danielle Robinson,-1.421,-0.447,-1.863,1829.0,2021,RS
202662.0,Jasmine Thomas,-0.716,1.172,-0.18,2379.0,2021,RS
202664.0,Courtney Vandersloot,0.299,1.854,1.324,2839.0,2021,RS
203014.0,Nneka Ogwumike,1.345,0.897,1.902,1458.0,2021,RS
203015.0,Shekinna Stricklen,-1.883,0.439,-1.272,656.0,2021,RS
203024.0,Damiris Dantas,-0.877,-1.521,-1.654,1775.0,2021,RS
203026.0,Tiffany Hayes,1.447,-0.089,0.547,1776.0,2021,RS
203029.0,Riquna Williams,0.497,0.317,0.507,2938.0,2021,RS
203035.0,Shey Peddy,0.328,0.678,0.605,2251.0,2021,RS
203398.0,Brittney Griner,2.401,1.369,3.131,2604.0,2021,RS
203400.0,Skylar Diggins,2.185,0.972,2.148,2804.0,2021,RS
203403.0,Tianna Hawkins,-0.005,-1.657,-1.33,1448.0,2021,RS
203406.0,Layshia Clarendon,1.063,-0.51,1.069,1591.0,2021,RS
203823.0,Chiney Ogwumike,-0.658,1.05,0.047,477.0,2021,RS
203824.0,Odyssey Sims,-1.531,-0.154,-1.053,2265.0,2021,RS
203825.0,Kayla McBride,1.019,1.048,2.069,3282.0,2021,RS
203827.0,Natasha Howard,0.418,-1.058,-0.19,1033.0,2021,RS
203828.0,Stefanie Dolson,-0.448,0.634,0.303,1501.0,2021,RS
203831.0,Natalie Achonwa,-0.306,-0.297,-1.222,931.0,2021,RS
203833.0,Chelsea Gray,0.796,2.052,1.972,3271.0,2021,RS
203838.0,Astou Ndour-Fall,-2.563,-0.475,-2.421,1318.0,2021,RS
203849.0,Theresa Plaisance,-3.579,0.139,-3.506,1774.0,2021,RS
203855.0,Stephanie Talbot,-0.601,0.61,-0.334,1866.0,2021,RS
203866.0,Kayla Thornton,1.171,-1.351,-0.08,2646.0,2021,RS
204296.0,Rebecca Allen,-3.28,-0.985,-4.068,1891.0,2021,RS
204319.0,Jewell Loyd,2.174,-1.413,0.005,3553.0,2021,RS
204320.0,Amanda Zahui B,-1.051,0.883,0.35,1966.0,2021,RS
204322.0,Elizabeth Williams,0.884,1.465,1.702,1708.0,2021,RS
204323.0,Cheyenne Parker-Tyus,0.975,-1.217,-0.908,690.0,2021,RS
204324.0,Dearica Hamby,2.018,0.634,1.384,2411.0,2021,RS
204325.0,Crystal Bradford,1.468,0.248,0.985,1208.0,2021,RS
204329.0,Kiah Stokes,2.008,-1.071,1.234,1673.0,2021,RS
204330.0,Isabelle Harrison,3.093,0.878,2.57,2143.0,2021,RS
204333.0,Natasha Cloud,0.683,0.397,1.414,2502.0,2021,RS
204334.0,Reshanda Gray,1.357,-0.823,1.125,655.0,2021,RS
204335.0,Betnijah Laney-Hamilton,-1.006,-2.051,-1.133,3598.0,2021,RS
204355.0,Blake Dietrick,-0.726,1.159,0.75,439.0,2021,RS
204365.0,Erica Wheeler,-1.497,0.146,-0.781,2848.0,2021,RS
1627668.0,Breanna Stewart,2.727,2.459,3.855,3174.0,2021,RS
1627669.0,Moriah Jefferson,0.169,-0.294,-0.635,1384.0,2021,RS
1627671.0,Rachel Banham,0.577,1.45,1.787,1380.0,2021,RS
1627672.0,Aerial Powers,1.102,1.293,2.113,1063.0,2021,RS
1627673.0,Jonquel Jones,5.284,3.03,5.52,2494.0,2021,RS
1627674.0,Kahleah Copper,0.543,-0.231,0.368,3229.0,2021,RS
1627675.0,Courtney Williams,-1.042,-1.172,-1.014,3308.0,2021,RS
1627676.0,Tiffany Mitchell,-0.9,1.005,1.189,2328.0,2021,RS
1627678.0,Bria Holmes,-2.504,0.768,-1.684,1225.0,2021,RS
1628242.0,Emma Cannon,-0.436,-0.616,-0.377,1024.0,2021,RS
1628244.0,Sami Whitcomb,1.298,-2.185,-0.299,2627.0,2021,RS
1628263.0,Lindsay Allen,-0.835,-1.62,-1.599,1598.0,2021,RS
1628269.0,Nia Coffey,0.38,0.144,0.681,2520.0,2021,RS
1628276.0,Kelsey Plum,0.991,-0.232,-0.143,2277.0,2021,RS
1628277.0,Allisha Gray,0.821,0.596,1.31,2138.0,2021,RS
1628278.0,Shatori Walker-Kimbrough,-0.681,-0.207,-0.267,1056.0,2021,RS
1628279.0,Brittney Sykes,-1.337,1.496,-0.095,3052.0,2021,RS
1628280.0,Brionna Jones,2.472,1.341,2.21,2919.0,2021,RS
1628282.0,Sydney Wiese,1.156,-1.631,0.277,1865.0,2021,RS
1628286.0,Erica McCall,1.688,-1.792,0.135,1341.0,2021,RS
1628317.0,Karlie Samuelson,-0.573,0.298,0.265,779.0,2021,RS
1628878.0,Ariel Atkins,-0.345,-2.72,-2.333,2825.0,2021,RS
1628881.0,Monique Billings,-0.591,-0.388,-1.058,2385.0,2021,RS
1628882.0,Lexie Brown,-2.125,0.791,-1.276,499.0,2021,RS
1628886.0,Jordin Canada,1.532,1.056,2.181,1949.0,2021,RS
1628890.0,Diamond DeShields,-1.699,-0.529,-2.226,2944.0,2021,RS
1628899.0,Myisha Hines-Allen,-0.658,-0.332,-0.966,1357.0,2021,RS
1628909.0,Kelsey Mitchell,1.276,-0.234,1.674,3194.0,2021,RS
1628915.0,Kia Nurse,-0.17,-1.143,-1.276,2470.0,2021,RS
1628917.0,JiSu Park,-0.249,-1.067,-1.845,905.0,2021,RS
1628920.0,Mercedes Russell,0.712,1.612,1.936,2381.0,2021,RS
1628922.0,Azurá Stevens,1.823,0.091,1.231,2124.0,2021,RS
1628927.0,Victoria Vivians,-0.761,-1.003,-1.452,2485.0,2021,RS
1628932.0,A'ja Wilson,0.941,0.138,0.636,3278.0,2021,RS
1629477.0,Sabrina Ionescu,0.435,-2.959,-1.327,2776.0,2021,RS
1629478.0,Katie Lou Samuelson,1.132,-0.422,0.164,1796.0,2021,RS
1629479.0,Teaira McCowan,4.035,-0.192,3.636,2440.0,2021,RS
1629481.0,Arike Ogunbowale,-0.38,-1.447,-1.131,2844.0,2021,RS
1629482.0,Sophie Cunningham,-0.464,-1.03,-1.694,1871.0,2021,RS
1629483.0,Napheesa Collier,3.244,-0.031,1.547,2865.0,2021,RS
1629485.0,Kristine Anigwe,0.157,-0.174,-0.238,551.0,2021,RS
1629488.0,Brianna Turner,2.036,2.544,3.311,3029.0,2021,RS
1629491.0,Jessica Shepard,-0.498,-1.283,-1.101,1077.0,2021,RS
1629492.0,Beatrice Mompremier,-1.718,1.143,-1.261,803.0,2021,RS
1629496.0,Ezi Magbegor,0.764,0.461,0.229,1530.0,2021,RS
1629497.0,Marina Mabrey,1.729,-1.082,0.343,2598.0,2021,RS
1629498.0,Jackie Young,1.546,1.437,1.916,3654.0,2021,RS
1629501.0,Alanna Smith,-2.363,0.822,-3.232,462.0,2021,RS
1629524.0,Bridget Carleton,-1.178,-0.444,-1.731,2182.0,2021,RS
1629567.0,Natisha Hiedeman,0.967,1.244,1.264,2002.0,2021,RS
1629568.0,Kennedy Burke,-0.944,-1.538,-2.443,455.0,2021,RS
1630043.0,Bernadett Hatar,-0.898,0.796,0.181,303.0,2021,RS
1630093.0,Bella Alarie,0.505,3.249,2.728,1283.0,2021,RS
1630096.0,DiJonai Carrington,-0.199,-0.014,-1.379,563.0,2021,RS
1630097.0,Kaila Charles,-1.648,1.633,-0.524,1386.0,2021,RS
1630099.0,Te'a Cooper,-4.747,0.784,-3.013,2132.0,2021,RS
1630100.0,Lauren Cox,-1.336,0.482,-0.957,1171.0,2021,RS
1630101.0,Crystal Dangerfield,-0.716,0.04,-0.748,2176.0,2021,RS
1630112.0,Tyasha Harris,-1.535,-1.29,-2.288,1362.0,2021,RS
1630113.0,Ruthy Hebard,2.288,0.059,1.313,1398.0,2021,RS
1630119.0,Jazmine Jones,-3.506,0.078,-2.624,1513.0,2021,RS
1630127.0,Leaonna Odom,-1.072,0.344,0.099,813.0,2021,RS
1630131.0,Kylee Shook,-1.694,-0.088,-0.83,1957.0,2021,RS
1630136.0,Megan Walker,-2.507,0.524,-1.365,1471.0,2021,RS
1630137.0,Stephanie Watts,-2.704,0.351,-2.48,355.0,2021,RS
1630149.0,Satou Sabally,0.174,1.283,2.102,1159.0,2021,RS
1630150.0,Chennedy Carter,0.721,-0.114,0.625,774.0,2021,RS
1630386.0,Awak Kuier,-0.967,-0.319,-2.259,433.0,2021,RS
1630389.0,Dana Evans,0.057,-0.496,0.197,1086.0,2021,RS
1630438.0,Kysre Gondrezick,-2.292,-0.315,-2.331,439.0,2021,RS
1630441.0,Arella Guirantes,-1.216,1.016,0.241,822.0,2021,RS
1630446.0,Michaela Onyenwere,-0.314,-0.526,0.176,2412.0,2021,RS
1630454.0,Charli Collier,-0.425,-2.818,-1.659,1229.0,2021,RS
1630458.0,Aaliyah Wilson,-2.324,-1.314,-3.167,610.0,2021,RS
1630459.0,DiDi Richards,-2.147,0.899,-0.94,1364.0,2021,RS
1630462.0,Aari McDonald,-0.76,0.26,-0.277,1651.0,2021,RS
100720.0,Sue Bird,0.907,-1.108,-0.266,2827.0,2022,RS
100940.0,Diana Taurasi,-0.668,-1.668,-1.385,2774.0,2022,RS
201480.0,Sylvia Fowles,0.291,1.092,0.921,2380.0,2022,RS
201496.0,Candace Parker,1.095,0.684,0.916,2846.0,2022,RS
201516.0,Allie Quigley,1.705,0.179,1.744,2621.0,2022,RS
201886.0,DeWanna Bonner,0.559,-0.793,-0.515,3120.0,2022,RS
201896.0,Briann January,-2.528,1.618,-0.957,1983.0,2022,RS
201911.0,Kristi Toliver,-1.336,-0.911,-0.675,654.0,2022,RS
201913.0,Kia Vaughn,-2.782,1.291,-0.888,1495.0,2022,RS
202250.0,Tina Charles,0.967,-0.214,1.082,3093.0,2022,RS
202252.0,Alysha Clark,1.056,1.964,2.684,2189.0,2022,RS
202259.0,Epiphanny Prince,-0.655,0.111,-1.065,1203.0,2022,RS
202633.0,Liz Cambage,0.252,0.959,0.99,1769.0,2022,RS
202641.0,Sydney Colson,-1.899,-1.05,-1.863,350.0,2022,RS
202650.0,Jantel Lavender,-3.355,-1.832,-3.662,1203.0,2022,RS
202658.0,Danielle Robinson,0.308,-0.136,0.645,1765.0,2022,RS
202662.0,Jasmine Thomas,-0.33,-0.649,-1.147,304.0,2022,RS
202664.0,Courtney Vandersloot,0.54,2.283,1.628,2348.0,2022,RS
203014.0,Nneka Ogwumike,2.247,-2.19,0.374,2732.0,2022,RS
203024.0,Damiris Dantas,-0.557,-0.204,0.38,778.0,2022,RS
203026.0,Tiffany Hayes,0.539,-0.669,1.094,912.0,2022,RS
203029.0,Riquna Williams,1.375,0.131,1.218,1317.0,2022,RS
203035.0,Shey Peddy,0.889,-1.103,-0.151,2987.0,2022,RS
203389.0,Yvonne Turner,-2.45,0.056,-1.437,639.0,2022,RS
203399.0,Elena Delle Donne,4.193,1.909,4.948,2076.0,2022,RS
203400.0,Skylar Diggins,1.052,1.116,1.88,2749.0,2022,RS
203403.0,Tianna Hawkins,-2.619,0.353,-1.588,1165.0,2022,RS
203416.0,Emma Meesseman,3.213,0.334,2.195,3098.0,2022,RS
203822.0,Rebekah Gardner,-0.813,2.889,0.633,2507.0,2022,RS
203823.0,Chiney Ogwumike,2.99,1.194,3.454,1609.0,2022,RS
203824.0,Odyssey Sims,-0.769,0.053,-1.291,392.0,2022,RS
203825.0,Kayla McBride,1.816,-0.166,1.64,2821.0,2022,RS
203826.0,Alyssa Thomas,1.381,2.072,2.035,3441.0,2022,RS
203827.0,Natasha Howard,1.652,0.839,2.196,2726.0,2022,RS
203828.0,Stefanie Dolson,-0.747,-0.777,-0.911,2320.0,2022,RS
203829.0,Bria Hartley,0.774,-1.914,-0.773,566.0,2022,RS
203831.0,Natalie Achonwa,1.058,1.096,1.417,1497.0,2022,RS
203833.0,Chelsea Gray,3.467,1.141,3.312,3628.0,2022,RS
203849.0,Theresa Plaisance,-1.77,-1.424,-2.8,1237.0,2022,RS
203855.0,Stephanie Talbot,-1.757,0.885,-0.679,1830.0,2022,RS
203866.0,Kayla Thornton,0.643,-0.093,0.406,3375.0,2022,RS
204296.0,Rebecca Allen,-1.03,1.162,-0.202,1303.0,2022,RS
204319.0,Jewell Loyd,1.026,0.845,1.513,3892.0,2022,RS
204322.0,Elizabeth Williams,-0.963,2.715,0.705,1262.0,2022,RS
204323.0,Cheyenne Parker-Tyus,0.654,1.619,2.139,2348.0,2022,RS
204324.0,Dearica Hamby,0.247,0.936,0.5,2957.0,2022,RS
204329.0,Kiah Stokes,-0.057,0.827,0.01,1537.0,2022,RS
204330.0,Isabelle Harrison,-0.477,-0.494,-0.406,2137.0,2022,RS
204333.0,Natasha Cloud,-0.377,0.688,0.288,3245.0,2022,RS
204334.0,Reshanda Gray,-0.506,-2.256,-2.431,850.0,2022,RS
204335.0,Betnijah Laney-Hamilton,-1.91,0.503,-0.586,649.0,2022,RS
204365.0,Erica Wheeler,-1.497,-0.2,-0.754,2360.0,2022,RS
1627668.0,Breanna Stewart,3.455,2.248,4.24,3656.0,2022,RS
1627669.0,Moriah Jefferson,1.09,-0.511,0.706,2605.0,2022,RS
1627671.0,Rachel Banham,-1.379,2.423,0.844,1950.0,2022,RS
1627672.0,Aerial Powers,0.086,-1.98,-1.461,3193.0,2022,RS
1627673.0,Jonquel Jones,3.037,1.885,3.221,2606.0,2022,RS
1627674.0,Kahleah Copper,2.401,-0.594,2.232,2844.0,2022,RS
1627675.0,Courtney Williams,1.071,0.862,1.462,2995.0,2022,RS
1627676.0,Tiffany Mitchell,-1.112,-0.139,-0.978,1919.0,2022,RS
1627700.0,Julie Allemand,-0.866,-1.357,-1.885,1528.0,2022,RS
1628242.0,Emma Cannon,0.928,-0.802,0.261,1174.0,2022,RS
1628244.0,Sami Whitcomb,-2.609,-1.465,-2.953,2303.0,2022,RS
1628263.0,Lindsay Allen,1.382,-1.071,1.091,403.0,2022,RS
1628269.0,Nia Coffey,-1.758,0.577,-0.462,963.0,2022,RS
1628276.0,Kelsey Plum,3.56,1.397,4.304,4275.0,2022,RS
1628277.0,Allisha Gray,2.49,-0.817,1.473,3419.0,2022,RS
1628278.0,Shatori Walker-Kimbrough,0.833,2.025,1.375,2639.0,2022,RS
1628279.0,Brittney Sykes,-0.118,0.425,-0.052,2896.0,2022,RS
1628280.0,Brionna Jones,3.719,2.004,3.572,2764.0,2022,RS
1628287.0,Jennie Simms,-0.45,0.92,0.388,1425.0,2022,RS
1628878.0,Ariel Atkins,1.224,-1.173,-0.147,3298.0,2022,RS
1628881.0,Monique Billings,0.008,-0.931,-0.886,1287.0,2022,RS
1628882.0,Lexie Brown,-0.838,2.517,1.43,2497.0,2022,RS
1628886.0,Jordin Canada,-1.433,0.177,-1.041,2718.0,2022,RS
1628890.0,Diamond DeShields,-2.092,0.724,-1.148,2351.0,2022,RS
1628899.0,Myisha Hines-Allen,0.17,-0.326,-0.07,1926.0,2022,RS
1628909.0,Kelsey Mitchell,2.791,-4.924,-0.777,2758.0,2022,RS
1628922.0,Azurá Stevens,1.484,-0.689,0.216,2591.0,2022,RS
1628927.0,Victoria Vivians,-1.648,-0.342,-1.01,2875.0,2022,RS
1628929.0,Kristy Wallace,-2.151,-0.157,-1.678,1533.0,2022,RS
1628931.0,Gabby Williams,1.112,2.46,1.962,2974.0,2022,RS
1628932.0,A'ja Wilson,1.025,1.221,0.433,3656.0,2022,RS
1629476.0,Asia (AD) Durr,-0.308,-1.208,-0.843,1098.0,2022,RS
1629477.0,Sabrina Ionescu,1.371,-0.443,1.225,2719.0,2022,RS
1629478.0,Katie Lou Samuelson,-1.283,-2.646,-2.472,2282.0,2022,RS
1629479.0,Teaira McCowan,3.027,0.69,3.067,1857.0,2022,RS
1629481.0,Arike Ogunbowale,0.454,-0.131,0.345,2945.0,2022,RS
1629482.0,Sophie Cunningham,0.895,-1.187,0.518,2302.0,2022,RS
1629484.0,Megan Gustafson,0.312,-2.518,-1.27,1203.0,2022,RS
1629488.0,Brianna Turner,-0.498,0.57,-0.066,2973.0,2022,RS
1629491.0,Jessica Shepard,-0.3,-0.686,-0.77,3004.0,2022,RS
1629492.0,Beatrice Mompremier,-1.632,0.06,-1.408,849.0,2022,RS
1629496.0,Ezi Magbegor,0.242,1.24,0.736,2842.0,2022,RS
1629497.0,Marina Mabrey,-0.355,-0.473,-0.889,2897.0,2022,RS
1629498.0,Jackie Young,3.325,-1.914,0.546,4168.0,2022,RS
1629501.0,Alanna Smith,-1.457,1.245,-1.403,553.0,2022,RS
1629524.0,Bridget Carleton,0.748,2.048,1.955,2104.0,2022,RS
1629546.0,Marine Johannes,0.914,0.14,1.442,1155.0,2022,RS
1629566.0,Han Xu,1.125,-1.032,-0.194,2022.0,2022,RS
1629567.0,Natisha Hiedeman,2.07,0.028,1.16,2881.0,2022,RS
1629568.0,Kennedy Burke,-0.291,1.192,-0.355,640.0,2022,RS
1629574.0,Li Yueru,-1.914,0.334,-1.179,306.0,2022,RS
1630096.0,DiJonai Carrington,0.69,0.692,0.169,1717.0,2022,RS
1630101.0,Crystal Dangerfield,-0.418,1.673,0.955,1920.0,2022,RS
1630112.0,Tyasha Harris,-1.107,-0.899,-1.072,1378.0,2022,RS
1630113.0,Ruthy Hebard,-1.961,1.697,-0.643,757.0,2022,RS
1630115.0,Joyner Holmes,-2.371,0.888,-1.753,552.0,2022,RS
1630136.0,Megan Walker,-0.632,0.901,0.553,390.0,2022,RS
1630139.0,Jocelyn Willoughby,-1.927,-1.53,-3.247,347.0,2022,RS
1630149.0,Satou Sabally,-0.34,-0.004,0.845,728.0,2022,RS
1630150.0,Chennedy Carter,-0.112,-2.538,-2.668,1348.0,2022,RS
1630386.0,Awak Kuier,0.149,-0.148,-0.728,1479.0,2022,RS
1630387.0,Iliana Rupert,-1.399,-1.687,-2.779,807.0,2022,RS
1630389.0,Dana Evans,-0.91,0.439,-0.583,1447.0,2022,RS
1630444.0,Jasmine Walker,1.725,-0.911,1.177,1334.0,2022,RS
1630446.0,Michaela Onyenwere,-2.248,-1.157,-2.945,1514.0,2022,RS
1630459.0,DiDi Richards,-1.636,-1.061,-1.621,617.0,2022,RS
1630462.0,Aari McDonald,-0.487,2.095,1.07,2838.0,2022,RS
1630471.0,Maya Caldwell,1.029,-0.153,1.061,635.0,2022,RS
1630957.0,Rui Machida,-1.19,1.114,-0.136,1651.0,2022,RS
1631002.0,Nia Clouden,-1.776,0.639,-0.969,892.0,2022,RS
1631006.0,Kierstan Bell,-2.354,-1.15,-2.931,358.0,2022,RS
1631007.0,Veronica Burton,0.224,0.574,-0.244,2232.0,2022,RS
1631009.0,Rhyne Howard,-1.609,-0.891,-1.899,2650.0,2022,RS
1631013.0,Aisha Sheppard,-0.615,-1.608,-1.941,620.0,2022,RS
1631019.0,NaLyssa Smith,-0.254,-0.076,0.714,2639.0,2022,RS
1631022.0,Shakira Austin,1.294,0.149,0.73,2361.0,2022,RS
1631029.0,Jasmine Dickey,-3.271,-1.042,-4.29,301.0,2022,RS
1631031.0,Queen Egbo,-1.06,1.299,-0.034,2238.0,2022,RS
1631032.0,Lorela Cubaj,-1.659,-0.695,-0.962,344.0,2022,RS
1631044.0,Naz Hillmon,1.1,-1.53,0.133,2039.0,2022,RS
1631068.0,Sam Thomas,-1.314,-0.967,-2.919,343.0,2022,RS
1631083.0,Emily Engstler,-0.34,-1.164,-1.454,1752.0,2022,RS
1631086.0,Lexie Hull,-0.271,1.332,1.279,1118.0,2022,RS
1631089.0,Destanni Henderson,-2.247,-0.092,-1.597,2033.0,2022,RS
1631091.0,Evina Westbrook,-0.877,0.477,-1.139,789.0,2022,RS
1631135.0,Olivia Nelson-Ododa,-2.666,0.076,-1.894,1887.0,2022,RS
1631147.0,Kianna Smith,-0.082,-2.591,-2.233,565.0,2022,RS
1631263.0,Nikolina Milic,0.43,0.519,0.738,1239.0,2022,RS
100940.0,Diana Taurasi,2.791,-0.608,2.525,2081.0,2023,RS
201496.0,Candace Parker,0.266,2.995,1.683,1404.0,2023,RS
201886.0,DeWanna Bonner,2.46,0.712,1.785,4190.0,2023,RS
201911.0,Kristi Toliver,-0.699,0.229,0.003,390.0,2023,RS
202252.0,Alysha Clark,-0.645,-0.399,-0.87,3494.0,2023,RS
202259.0,Epiphanny Prince,-1.292,-0.783,-2.247,404.0,2023,RS
202641.0,Sydney Colson,-1.328,-0.194,-2.818,507.0,2023,RS
202658.0,Danielle Robinson,0.458,0.974,0.954,1799.0,2023,RS
202662.0,Jasmine Thomas,-1.052,0.362,-0.424,1247.0,2023,RS
202664.0,Courtney Vandersloot,1.238,2.742,2.933,3153.0,2023,RS
203014.0,Nneka Ogwumike,1.374,-0.675,0.038,3514.0,2023,RS
203026.0,Tiffany Hayes,1.156,-1.303,-0.277,3555.0,2023,RS
203035.0,Shey Peddy,-1.283,0.58,-0.766,949.0,2023,RS
203389.0,Yvonne Turner,-1.38,-0.436,-1.493,833.0,2023,RS
203398.0,Brittney Griner,1.024,0.36,0.953,2378.0,2023,RS
203399.0,Elena Delle Donne,1.49,2.504,2.694,1886.0,2023,RS
203403.0,Tianna Hawkins,2.046,-0.183,1.898,3166.0,2023,RS
203406.0,Layshia Clarendon,0.872,-1.04,0.695,2148.0,2023,RS
203823.0,Chiney Ogwumike,-1.281,1.284,-0.701,622.0,2023,RS
203824.0,Odyssey Sims,-1.623,-0.325,-1.914,1217.0,2023,RS
203825.0,Kayla McBride,-0.934,-1.735,-1.439,3386.0,2023,RS
203826.0,Alyssa Thomas,2.587,1.354,2.795,4771.0,2023,RS
203827.0,Natasha Howard,1.031,1.308,1.352,3728.0,2023,RS
203828.0,Stefanie Dolson,-1.103,-0.176,-0.585,1000.0,2023,RS
203833.0,Chelsea Gray,1.431,1.518,0.96,4344.0,2023,RS
203866.0,Kayla Thornton,-0.656,0.876,-0.645,2543.0,2023,RS
204296.0,Rebecca Allen,2.265,1.89,2.346,2920.0,2023,RS
204297.0,Cayla George,-2.893,-0.273,-3.209,783.0,2023,RS
204319.0,Jewell Loyd,-0.048,-1.374,-0.314,4515.0,2023,RS
204320.0,Amanda Zahui B,-2.359,1.805,-0.942,683.0,2023,RS
204322.0,Elizabeth Williams,0.22,1.836,1.542,3375.0,2023,RS
204323.0,Cheyenne Parker-Tyus,0.619,-0.033,-0.043,2841.0,2023,RS
204324.0,Dearica Hamby,-0.58,1.498,1.369,2614.0,2023,RS
204329.0,Kiah Stokes,1.43,1.334,1.851,2466.0,2023,RS
204333.0,Natasha Cloud,-1.01,0.985,0.751,4334.0,2023,RS
204335.0,Betnijah Laney-Hamilton,2.628,0.195,2.121,3479.0,2023,RS
204365.0,Erica Wheeler,-0.297,-3.524,-1.933,2953.0,2023,RS
1627643.0,Cyesha Goree,-1.013,-1.406,-1.708,537.0,2023,RS
1627668.0,Breanna Stewart,2.451,1.609,1.783,4261.0,2023,RS
1627669.0,Moriah Jefferson,-1.357,-1.616,-1.829,2803.0,2023,RS
1627671.0,Rachel Banham,-1.026,-0.409,-0.789,1722.0,2023,RS
1627672.0,Aerial Powers,-0.432,-0.3,-0.161,686.0,2023,RS
1627673.0,Jonquel Jones,3.283,-0.435,1.489,3037.0,2023,RS
1627674.0,Kahleah Copper,-0.137,-0.388,0.114,3906.0,2023,RS
1627675.0,Courtney Williams,-0.835,-0.332,-0.192,3766.0,2023,RS
1627676.0,Tiffany Mitchell,-0.152,0.918,1.477,2514.0,2023,RS
1628242.0,Emma Cannon,-1.47,-0.097,-0.85,1206.0,2023,RS
1628244.0,Sami Whitcomb,0.231,1.655,1.696,3391.0,2023,RS
1628263.0,Lindsay Allen,0.439,-0.132,1.604,1752.0,2023,RS
1628269.0,Nia Coffey,1.082,1.221,1.557,2077.0,2023,RS
1628276.0,Kelsey Plum,3.965,0.546,3.794,4273.0,2023,RS
1628277.0,Allisha Gray,0.503,-0.366,0.263,4096.0,2023,RS
1628278.0,Shatori Walker-Kimbrough,-2.287,-2.02,-3.339,3609.0,2023,RS
1628279.0,Brittney Sykes,0.007,2.72,1.576,4034.0,2023,RS
1628280.0,Brionna Jones,2.438,1.967,3.344,1441.0,2023,RS
1628317.0,Karlie Samuelson,1.247,-0.312,1.976,2890.0,2023,RS
1628878.0,Ariel Atkins,1.464,0.98,1.541,2243.0,2023,RS
1628881.0,Monique Billings,-0.173,2.248,1.385,2228.0,2023,RS
1628882.0,Lexie Brown,0.694,-0.777,0.239,1000.0,2023,RS
1628886.0,Jordin Canada,-0.192,0.368,-0.267,4022.0,2023,RS
1628899.0,Myisha Hines-Allen,-2.018,-0.572,-1.923,1916.0,2023,RS
1628909.0,Kelsey Mitchell,1.068,-2.152,-0.335,4039.0,2023,RS
1628915.0,Kia Nurse,1.169,-2.148,-0.112,2557.0,2023,RS
1628920.0,Mercedes Russell,-1.618,-0.645,-2.055,2365.0,2023,RS
1628922.0,Azurá Stevens,-0.645,-1.222,-1.497,3061.0,2023,RS
1628927.0,Victoria Vivians,-1.15,-1.029,-1.799,2436.0,2023,RS
1628929.0,Kristy Wallace,-0.972,1.854,0.725,1885.0,2023,RS
1628931.0,Gabby Williams,-1.96,1.093,-1.039,937.0,2023,RS
1628932.0,A'ja Wilson,4.65,1.199,2.298,4164.0,2023,RS
1629476.0,Asia (AD) Durr,-1.782,0.876,-0.655,1237.0,2023,RS
1629477.0,Sabrina Ionescu,3.336,-0.698,2.476,2942.0,2023,RS
1629479.0,Teaira McCowan,1.25,2.842,3.049,1946.0,2023,RS
1629480.0,Kalani Brown,0.341,-2.404,-2.119,1354.0,2023,RS
1629481.0,Arike Ogunbowale,2.031,-2.03,0.751,3904.0,2023,RS
1629482.0,Sophie Cunningham,1.48,-1.5,0.729,2232.0,2023,RS
1629483.0,Napheesa Collier,-0.222,1.017,-0.147,3573.0,2023,RS
1629484.0,Megan Gustafson,1.874,-0.417,1.001,1471.0,2023,RS
1629485.0,Kristine Anigwe,-0.455,0.28,-1.436,403.0,2023,RS
1629488.0,Brianna Turner,-1.974,-1.002,-2.554,3019.0,2023,RS
1629491.0,Jessica Shepard,-0.177,-0.908,0.193,1785.0,2023,RS
1629496.0,Ezi Magbegor,1.567,1.682,2.588,4167.0,2023,RS
1629497.0,Marina Mabrey,0.911,-1.865,0.052,3961.0,2023,RS
1629498.0,Jackie Young,3.061,0.761,2.838,4536.0,2023,RS
1629501.0,Alanna Smith,1.851,1.162,2.005,3265.0,2023,RS
1629524.0,Bridget Carleton,0.06,-1.613,-1.0,1990.0,2023,RS
1629546.0,Marine Johannes,0.426,-1.089,-0.567,2138.0,2023,RS
1629567.0,Natisha Hiedeman,0.094,-0.049,-0.03,3556.0,2023,RS
1629571.0,Morgan Bertsch,-2.077,-1.816,-3.188,1238.0,2023,RS
1630096.0,DiJonai Carrington,0.549,2.803,2.527,1754.0,2023,RS
1630101.0,Crystal Dangerfield,0.619,-2.389,-0.624,2902.0,2023,RS
1630112.0,Tyasha Harris,-0.239,1.117,0.312,1737.0,2023,RS
1630113.0,Ruthy Hebard,3.315,0.976,3.566,451.0,2023,RS
1630115.0,Joyner Holmes,-2.74,-1.688,-3.447,1085.0,2023,RS
1630134.0,Sug Sutton,-1.971,-2.396,-2.564,3262.0,2023,RS
1630139.0,Jocelyn Willoughby,-1.757,0.666,-0.912,587.0,2023,RS
1630149.0,Satou Sabally,1.401,0.242,1.464,3129.0,2023,RS
1630386.0,Awak Kuier,-1.252,0.428,-1.178,1761.0,2023,RS
1630387.0,Iliana Rupert,0.242,0.183,0.095,813.0,2023,RS
1630389.0,Dana Evans,-0.202,-1.008,-1.118,2724.0,2023,RS
1630446.0,Michaela Onyenwere,-1.678,-0.151,-1.45,2739.0,2023,RS
1630462.0,Aari McDonald,-0.734,-0.78,-1.405,1933.0,2023,RS
1630471.0,Maya Caldwell,-2.593,-0.287,-2.081,769.0,2023,RS
1630996.0,Rae Burrell,0.158,-1.314,-0.839,1111.0,2023,RS
1631006.0,Kierstan Bell,-2.658,0.346,-2.071,1459.0,2023,RS
1631007.0,Veronica Burton,-0.724,-1.583,-2.245,2681.0,2023,RS
1631009.0,Rhyne Howard,1.096,2.91,3.384,3380.0,2023,RS
1631019.0,NaLyssa Smith,1.164,0.349,2.415,2467.0,2023,RS
1631021.0,Sika Kone,0.15,-1.091,-0.347,585.0,2023,RS
1631022.0,Shakira Austin,0.577,1.759,1.87,1328.0,2023,RS
1631029.0,Jasmine Dickey,-0.947,-0.736,-1.722,534.0,2023,RS
1631031.0,Queen Egbo,0.378,-0.573,-0.24,2033.0,2023,RS
1631044.0,Naz Hillmon,-2.116,-0.821,-2.107,1949.0,2023,RS
1631055.0,Nyara Sabally,-0.94,0.425,-0.207,1177.0,2023,RS
1631083.0,Emily Engstler,-0.905,0.351,-0.785,303.0,2023,RS
1631086.0,Lexie Hull,-0.549,-1.925,-1.905,1816.0,2023,RS
1631089.0,Destanni Henderson,-0.247,-1.352,-0.868,576.0,2023,RS
1631091.0,Evina Westbrook,-1.467,0.448,-0.879,492.0,2023,RS
1631135.0,Olivia Nelson-Ododa,-0.718,-0.054,-2.033,2185.0,2023,RS
1631141.0,Jade Melbourne,-2.238,-0.006,-2.022,1118.0,2023,RS
1631263.0,Nikolina Milic,-0.622,-2.76,-1.371,1736.0,2023,RS
1641602.0,Ivana Dojkić,-2.288,-1.059,-2.25,1113.0,2023,RS
1641641.0,Robyn Parks,-0.927,0.977,0.211,1504.0,2023,RS
1641642.0,Li Meng,0.378,-0.877,-0.395,1843.0,2023,RS
1641648.0,Aliyah Boston,1.803,0.394,1.416,3786.0,2023,RS
1641649.0,Diamond Miller,0.009,-0.768,-0.472,2336.0,2023,RS
1641650.0,Haley Jones,-0.255,-0.401,0.197,2048.0,2023,RS
1641651.0,Jordan Horston,-2.431,0.504,-1.659,2667.0,2023,RS
1641652.0,Maddy Siegrist,1.882,-0.171,1.891,2039.0,2023,RS
1641653.0,Ashley Joens,-0.688,-2.043,-0.803,548.0,2023,RS
1641656.0,Laeticia Amihere,0.583,-0.491,-1.149,715.0,2023,RS
1641657.0,Dorka Juhasz,0.282,-0.3,-0.247,3006.0,2023,RS
1641658.0,Grace Berger,-0.016,1.583,1.047,2071.0,2023,RS
1641660.0,Zia Cooke,-3.842,-0.305,-2.963,2165.0,2023,RS
1641665.0,Leigha Brown,-3.591,-0.06,-3.329,337.0,2023,RS
1641675.0,Dulcy Fankam Mendjiadeu,1.097,1.051,1.465,1573.0,2023,RS
1641690.0,Kadi Sissoko,0.603,-0.011,1.083,1443.0,2023,RS
100940.0,Diana Taurasi,0.696,0.594,1.738,3552.0,2024,RS
201886.0,DeWanna Bonner,0.261,1.279,0.84,3997.0,2024,RS
202250.0,Tina Charles,0.702,1.629,1.986,3285.0,2024,RS
202252.0,Alysha Clark,-0.14,2.261,1.372,3462.0,2024,RS
202641.0,Sydney Colson,1.746,0.182,0.589,702.0,2024,RS
202664.0,Courtney Vandersloot,-1.27,1.276,-0.24,1968.0,2024,RS
203014.0,Nneka Ogwumike,3.33,2.14,4.63,3884.0,2024,RS
203024.0,Damiris Dantas,0.322,-0.282,0.156,562.0,2024,RS
203026.0,Tiffany Hayes,0.986,0.413,1.203,2417.0,2024,RS
203398.0,Brittney Griner,4.436,0.642,4.232,2755.0,2024,RS
203400.0,Skylar Diggins,1.027,2.406,1.924,4264.0,2024,RS
203406.0,Layshia Clarendon,-0.406,-1.851,-1.435,959.0,2024,RS
203824.0,Odyssey Sims,-0.663,-1.37,-0.915,2031.0,2024,RS
203825.0,Kayla McBride,0.856,-0.538,-0.064,3954.0,2024,RS
203826.0,Alyssa Thomas,-0.02,1.78,0.775,3892.0,2024,RS
203827.0,Natasha Howard,2.329,-2.541,0.707,2530.0,2024,RS
203828.0,Stefanie Dolson,-0.362,1.529,1.818,3079.0,2024,RS
203833.0,Chelsea Gray,-0.884,1.356,0.322,2483.0,2024,RS
203855.0,Stephanie Talbot,0.476,0.11,0.576,1917.0,2024,RS
203866.0,Kayla Thornton,1.154,1.703,1.718,2928.0,2024,RS
204296.0,Rebecca Allen,0.653,-0.389,0.435,1283.0,2024,RS
204319.0,Jewell Loyd,-0.419,0.867,0.751,4520.0,2024,RS
204322.0,Elizabeth Williams,-0.175,2.868,-0.561,719.0,2024,RS
204323.0,Cheyenne Parker-Tyus,-1.418,1.551,-0.443,1338.0,2024,RS
204324.0,Dearica Hamby,-0.345,-0.003,1.105,4014.0,2024,RS
204329.0,Kiah Stokes,-0.688,1.505,0.461,2023.0,2024,RS
204330.0,Isabelle Harrison,-1.841,0.195,-0.937,2146.0,2024,RS
204333.0,Natasha Cloud,-1.256,-1.182,-2.417,4638.0,2024,RS
204335.0,Betnijah Laney-Hamilton,2.573,-0.964,1.412,2698.0,2024,RS
204365.0,Erica Wheeler,-1.153,0.44,-0.694,2077.0,2024,RS
1627668.0,Breanna Stewart,2.133,1.712,1.565,4008.0,2024,RS
1627669.0,Moriah Jefferson,-2.996,-0.514,-2.478,772.0,2024,RS
1627671.0,Rachel Banham,0.416,-2.59,-1.529,2066.0,2024,RS
1627672.0,Aerial Powers,1.324,-0.845,-0.665,1065.0,2024,RS
1627673.0,Jonquel Jones,4.005,1.796,4.147,3654.0,2024,RS
1627674.0,Kahleah Copper,0.951,-3.058,-1.221,3927.0,2024,RS
1627675.0,Courtney Williams,-1.128,2.141,0.487,3736.0,2024,RS
1627676.0,Tiffany Mitchell,-0.68,0.84,0.136,1297.0,2024,RS
1627701.0,Temi Fagbenle,0.962,0.865,1.782,1580.0,2024,RS
1628244.0,Sami Whitcomb,-1.17,0.228,-1.083,2236.0,2024,RS
1628263.0,Lindsay Allen,0.463,0.812,1.609,2950.0,2024,RS
1628269.0,Nia Coffey,-3.112,0.244,-2.243,1778.0,2024,RS
1628276.0,Kelsey Plum,1.725,-0.403,1.455,4497.0,2024,RS
1628277.0,Allisha Gray,0.529,1.768,2.168,4098.0,2024,RS
1628278.0,Shatori Walker-Kimbrough,0.031,0.571,0.232,3090.0,2024,RS
1628279.0,Brittney Sykes,-1.827,0.667,-0.691,1391.0,2024,RS
1628280.0,Brionna Jones,3.772,1.511,4.47,3319.0,2024,RS
1628317.0,Karlie Samuelson,-0.701,0.262,-0.383,2334.0,2024,RS
1628508.0,Cecilia Zandalasini,-1.277,-0.25,-1.649,1870.0,2024,RS
1628878.0,Ariel Atkins,0.213,-0.61,-0.221,3770.0,2024,RS
1628881.0,Monique Billings,-0.559,-2.172,-1.891,2371.0,2024,RS
1628882.0,Lexie Brown,-0.788,0.267,-0.972,1309.0,2024,RS
1628886.0,Jordin Canada,-0.614,0.463,-0.154,1914.0,2024,RS
1628890.0,Diamond DeShields,-0.869,-0.593,-1.63,1436.0,2024,RS
1628899.0,Myisha Hines-Allen,1.338,-2.101,-0.175,2253.0,2024,RS
1628909.0,Kelsey Mitchell,3.004,-1.376,2.191,4446.0,2024,RS
1628915.0,Kia Nurse,-2.658,-2.213,-2.596,2699.0,2024,RS
1628920.0,Mercedes Russell,-2.121,1.909,-0.239,1857.0,2024,RS
1628922.0,Azurá Stevens,-0.329,-1.404,-1.658,1581.0,2024,RS
1628927.0,Victoria Vivians,-0.222,-1.325,-1.235,1581.0,2024,RS
1628929.0,Kristy Wallace,-0.505,-1.171,-1.476,1280.0,2024,RS
1628931.0,Gabby Williams,0.955,-0.3,0.388,1088.0,2024,RS
1628932.0,A'ja Wilson,2.147,1.858,1.379,4612.0,2024,RS
1629477.0,Sabrina Ionescu,-0.461,-0.704,-1.103,3687.0,2024,RS
1629478.0,Katie Lou Samuelson,0.297,-1.97,-1.159,2475.0,2024,RS
1629479.0,Teaira McCowan,1.737,-1.229,1.218,2938.0,2024,RS
1629480.0,Kalani Brown,0.162,-0.145,0.232,1584.0,2024,RS
1629481.0,Arike Ogunbowale,0.798,-1.533,-0.753,4232.0,2024,RS
1629482.0,Sophie Cunningham,0.992,1.222,1.583,3735.0,2024,RS
1629483.0,Napheesa Collier,1.907,2.332,2.488,3856.0,2024,RS
1629484.0,Megan Gustafson,1.35,-1.185,-0.126,1477.0,2024,RS
1629488.0,Brianna Turner,-0.923,0.635,-0.51,932.0,2024,RS
1629496.0,Ezi Magbegor,0.538,1.399,0.609,3713.0,2024,RS
1629497.0,Marina Mabrey,1.185,3.184,2.911,4278.0,2024,RS
1629498.0,Jackie Young,1.324,-1.092,0.266,4353.0,2024,RS
1629501.0,Alanna Smith,1.148,2.451,1.814,3569.0,2024,RS
1629524.0,Bridget Carleton,1.955,1.874,2.804,3867.0,2024,RS
1629567.0,Natisha Hiedeman,-0.511,1.254,-0.131,2342.0,2024,RS
1629568.0,Kennedy Burke,-0.561,2.016,0.053,1135.0,2024,RS
1629571.0,Morgan Bertsch,-3.013,-0.311,-2.26,342.0,2024,RS
1629574.0,Li Yueru,-0.216,-1.635,-1.031,1666.0,2024,RS
1630096.0,DiJonai Carrington,-0.003,-0.103,-0.948,3352.0,2024,RS
1630101.0,Crystal Dangerfield,-0.627,-1.984,-1.63,2026.0,2024,RS
1630112.0,Tyasha Harris,-1.756,0.0,-1.397,2910.0,2024,RS
1630114.0,Mikiah Herbert Harrigan,0.239,0.325,-0.834,942.0,2024,RS
1630115.0,Joyner Holmes,-1.83,-1.235,-2.309,781.0,2024,RS
1630134.0,Sug Sutton,-0.793,-1.614,-1.939,1288.0,2024,RS
1630142.0,Leonie Fiebich,1.542,1.485,2.118,2855.0,2024,RS
1630149.0,Satou Sabally,1.823,-0.022,2.472,1517.0,2024,RS
1630150.0,Chennedy Carter,0.418,0.401,0.468,2794.0,2024,RS
1630151.0,Olivia Epoupa,-2.631,2.266,-3.068,347.0,2024,RS
1630389.0,Dana Evans,-0.797,-2.238,-1.701,2550.0,2024,RS
1630442.0,Natasha Mack,0.116,1.033,0.228,2286.0,2024,RS
1630446.0,Michaela Onyenwere,-1.972,-1.303,-2.167,2167.0,2024,RS
1630459.0,DiDi Richards,-1.93,-1.622,-2.157,840.0,2024,RS
1630462.0,Aari McDonald,-0.458,-1.16,-0.554,1976.0,2024,RS
1630471.0,Maya Caldwell,-1.486,-1.861,-2.315,1253.0,2024,RS
1630996.0,Rae Burrell,1.072,-1.226,0.081,2270.0,2024,RS
1631007.0,Veronica Burton,1.528,1.914,2.532,1388.0,2024,RS
1631009.0,Rhyne Howard,0.392,2.017,1.346,2521.0,2024,RS
1631019.0,NaLyssa Smith,-0.266,-1.603,-0.99,3387.0,2024,RS
1631021.0,Sika Kone,0.084,-0.109,0.299,657.0,2024,RS
1631022.0,Shakira Austin,-2.265,3.054,-0.927,765.0,2024,RS
1631032.0,Lorela Cubaj,-0.206,0.55,0.571,948.0,2024,RS
1631044.0,Naz Hillmon,0.936,-0.776,-0.022,2608.0,2024,RS
1631055.0,Nyara Sabally,0.983,2.706,1.474,1388.0,2024,RS
1631083.0,Emily Engstler,-0.309,1.302,0.009,1521.0,2024,RS
1631086.0,Lexie Hull,1.894,-1.973,-0.005,2373.0,2024,RS
1631089.0,Destanni Henderson,-0.743,-0.309,0.442,422.0,2024,RS
1631135.0,Olivia Nelson-Ododa,1.293,1.753,1.198,1744.0,2024,RS
1631141.0,Jade Melbourne,-0.469,0.853,0.137,1671.0,2024,RS
1641602.0,Ivana Dojkić,-1.038,0.122,-0.919,560.0,2024,RS
1641648.0,Aliyah Boston,1.929,-0.924,0.883,3902.0,2024,RS
1641649.0,Diamond Miller,-3.356,0.31,-2.791,651.0,2024,RS
1641650.0,Haley Jones,-1.44,0.689,-0.224,2218.0,2024,RS
1641651.0,Jordan Horston,-1.374,-1.168,-2.819,2970.0,2024,RS
1641652.0,Maddy Siegrist,-1.248,-1.883,-1.666,2199.0,2024,RS
1641654.0,Stephanie Soares,-1.609,-0.922,-2.026,886.0,2024,RS
1641657.0,Dorka Juhasz,0.74,1.829,1.555,2077.0,2024,RS
1641658.0,Grace Berger,-0.26,-0.728,-0.3,343.0,2024,RS
1641660.0,Zia Cooke,-1.466,-1.805,-2.908,925.0,2024,RS
1641661.0,Lou Lopez Senechal,-1.712,-0.249,-0.122,796.0,2024,RS
1641700.0,Liz Dixon,-0.831,-1.151,-1.203,495.0,2024,RS
1642210.0,Julie Vanloo,0.83,-3.905,-1.68,2582.0,2024,RS
1642240.0,Jaelyn Brown,-1.113,0.308,0.221,313.0,2024,RS
1642244.0,Sevgi Uzun,-2.122,0.034,-1.725,2167.0,2024,RS
1642286.0,Caitlin Clark,-0.993,-0.749,-1.398,4582.0,2024,RS
1642287.0,Cameron Brink,-2.117,0.835,-3.144,1080.0,2024,RS
1642288.0,Rickea Jackson,-2.313,-0.43,-1.003,3744.0,2024,RS
1642289.0,Kamilla Cardoso,-1.17,-0.442,-1.657,2704.0,2024,RS
1642290.0,Aaliyah Edwards,0.222,0.988,0.699,2524.0,2024,RS
1642291.0,Angel Reese,2.002,1.399,2.781,3545.0,2024,RS
1642292.0,Jacy Sheldon,-1.733,-2.874,-2.835,2867.0,2024,RS
1642293.0,Alissa Pili,-1.51,-0.082,-1.448,607.0,2024,RS
1642298.0,Celeste Taylor,-0.38,-0.39,-1.536,1027.0,2024,RS
1642299.0,Nika Muhl,-0.11,-1.363,-1.223,320.0,2024,RS
1642324.0,Kate Martin,0.7,-0.564,-0.084,1588.0,2024,RS
201886.0,DeWanna Bonner,-1.386,2.491,0.678,2561.0,2025,RS
202250.0,Tina Charles,1.589,-6.474,-1.958,3751.0,2025,RS
202252.0,Alysha Clark,-3.811,0.647,-1.997,2894.0,2025,RS
202641.0,Sydney Colson,-2.294,1.44,-1.313,1153.0,2025,RS
202664.0,Courtney Vandersloot,-1.106,-1.116,-2.314,555.0,2025,RS
203014.0,Nneka Ogwumike,-1.523,2.489,0.643,4271.0,2025,RS
203024.0,Damiris Dantas,-1.056,-0.804,-1.436,1378.0,2025,RS
203026.0,Tiffany Hayes,0.78,0.477,0.632,2111.0,2025,RS
203035.0,Shey Peddy,0.614,-0.702,1.462,853.0,2025,RS
203398.0,Brittney Griner,-0.547,0.981,0.554,2321.0,2025,RS
203400.0,Skylar Diggins,5.083,0.424,4.401,4281.0,2025,RS
203416.0,Emma Meesseman,0.616,1.343,0.704,1424.0,2025,RS
203822.0,Rebekah Gardner,-0.002,1.318,0.306,2051.0,2025,RS
203824.0,Odyssey Sims,-1.197,-0.788,-1.019,1820.0,2025,RS
203825.0,Kayla McBride,-0.005,1.36,1.565,3530.0,2025,RS
203826.0,Alyssa Thomas,1.095,0.528,1.347,3523.0,2025,RS
203827.0,Natasha Howard,1.013,0.351,-0.002,3328.0,2025,RS
203828.0,Stefanie Dolson,-2.472,0.4,-1.166,2147.0,2025,RS
203829.0,Bria Hartley,1.724,-6.036,-2.223,2655.0,2025,RS
203833.0,Chelsea Gray,2.01,-0.689,0.465,4486.0,2025,RS
203855.0,Stephanie Talbot,-2.437,1.481,-1.219,1861.0,2025,RS
203863.0,Haley Peters,2.617,-7.486,-3.093,1234.0,2025,RS
203866.0,Kayla Thornton,0.133,0.129,0.416,2298.0,2025,RS
204296.0,Rebecca Allen,-3.538,-0.786,-2.774,2733.0,2025,RS
204319.0,Jewell Loyd,0.548,0.433,0.965,4305.0,2025,RS
204322.0,Elizabeth Williams,-2.559,1.935,-0.422,2809.0,2025,RS
204324.0,Dearica Hamby,3.404,-0.934,1.802,4106.0,2025,RS
204329.0,Kiah Stokes,-3.498,0.523,-2.761,1565.0,2025,RS
204330.0,Isabelle Harrison,0.126,0.894,-0.028,1398.0,2025,RS
204333.0,Natasha Cloud,-0.197,1.169,1.242,4073.0,2025,RS
204365.0,Erica Wheeler,3.494,-1.238,1.029,3979.0,2025,RS
1627668.0,Breanna Stewart,0.845,2.269,2.055,3240.0,2025,RS
1627671.0,Rachel Banham,-1.3,-2.954,-1.986,3437.0,2025,RS
1627672.0,Aerial Powers,0.328,2.2,2.15,450.0,2025,RS
1627673.0,Jonquel Jones,0.307,1.441,0.929,2775.0,2025,RS
1627674.0,Kahleah Copper,0.515,0.061,0.297,1961.0,2025,RS
1627675.0,Courtney Williams,0.2,1.28,0.451,4179.0,2025,RS
1627676.0,Tiffany Mitchell,-2.491,2.039,-0.384,1859.0,2025,RS
1627700.0,Julie Allemand,1.057,-0.437,0.618,3208.0,2025,RS
1627701.0,Temi Fagbenle,-1.429,1.567,-0.085,2850.0,2025,RS
1628242.0,Emma Cannon,-0.158,1.252,0.811,766.0,2025,RS
1628244.0,Sami Whitcomb,0.211,0.182,0.511,3546.0,2025,RS
1628263.0,Lindsay Allen,-1.306,-1.597,-1.275,1114.0,2025,RS
1628269.0,Nia Coffey,1.704,2.368,2.531,1805.0,2025,RS
1628276.0,Kelsey Plum,0.433,-0.851,0.661,5159.0,2025,RS
1628277.0,Allisha Gray,2.326,0.024,1.849,4018.0,2025,RS
1628278.0,Shatori Walker-Kimbrough,-0.735,-0.345,-1.227,1244.0,2025,RS
1628279.0,Brittney Sykes,0.952,0.373,1.096,3722.0,2025,RS
1628280.0,Brionna Jones,2.459,1.817,2.734,3299.0,2025,RS
1628317.0,Karlie Samuelson,0.691,0.064,0.086,812.0,2025,RS
1628508.0,Cecilia Zandalasini,0.5,0.504,0.061,1516.0,2025,RS
1628878.0,Ariel Atkins,1.001,1.508,1.486,2957.0,2025,RS
1628881.0,Monique Billings,-1.066,1.639,-0.109,1623.0,2025,RS
1628882.0,Lexie Brown,-1.655,0.195,-0.957,757.0,2025,RS
1628886.0,Jordin Canada,1.318,0.719,0.435,2277.0,2025,RS
1628899.0,Myisha Hines-Allen,-1.306,0.565,-0.083,2712.0,2025,RS
1628909.0,Kelsey Mitchell,2.543,0.538,2.69,4412.0,2025,RS
1628915.0,Kia Nurse,-0.641,-2.433,-1.323,3584.0,2025,RS
1628920.0,Mercedes Russell,-1.853,-0.005,-1.625,840.0,2025,RS
1628922.0,Azurá Stevens,0.453,-4.277,-3.009,4141.0,2025,RS
1628926.0,Maria Kliundikova,0.963,1.133,0.076,1515.0,2025,RS
1628931.0,Gabby Williams,0.063,0.878,-0.588,4105.0,2025,RS
1628932.0,A'ja Wilson,4.089,2.532,3.305,4011.0,2025,RS
1628957.0,Kathryn Westbeld,-1.252,1.895,0.162,2664.0,2025,RS
1629477.0,Sabrina Ionescu,0.506,1.22,0.77,3767.0,2025,RS
1629479.0,Teaira McCowan,0.241,-0.224,-0.487,783.0,2025,RS
1629480.0,Kalani Brown,-0.274,0.163,-0.138,1101.0,2025,RS
1629481.0,Arike Ogunbowale,-1.709,-1.124,-1.79,2971.0,2025,RS
1629482.0,Sophie Cunningham,-0.203,-1.225,-1.173,2372.0,2025,RS
1629483.0,Napheesa Collier,4.835,2.89,4.116,3305.0,2025,RS
1629484.0,Megan Gustafson,-0.335,-1.047,-0.52,809.0,2025,RS
1629488.0,Brianna Turner,-0.24,0.502,0.51,724.0,2025,RS
1629490.0,Kitija Laksa,-0.358,-0.969,-0.632,2075.0,2025,RS
1629491.0,Jessica Shepard,0.103,1.479,1.375,2730.0,2025,RS
1629496.0,Ezi Magbegor,2.413,-0.231,1.33,3622.0,2025,RS
1629497.0,Marina Mabrey,-4.091,2.275,0.123,3099.0,2025,RS
1629498.0,Jackie Young,2.246,1.613,2.957,4609.0,2025,RS
1629501.0,Alanna Smith,2.977,-0.211,0.494,3486.0,2025,RS
1629524.0,Bridget Carleton,0.108,2.249,1.757,3834.0,2025,RS
1629539.0,Amy Okonkwo,3.782,0.136,3.417,462.0,2025,RS
1629546.0,Marine Johannes,-0.445,-0.627,-0.696,2760.0,2025,RS
1629567.0,Natisha Hiedeman,2.1,0.862,1.563,3170.0,2025,RS
1629568.0,Kennedy Burke,0.591,0.929,1.348,2534.0,2025,RS
1629574.0,Li Yueru,0.569,0.271,1.266,1690.0,2025,RS
1630096.0,DiJonai Carrington,-0.884,-0.95,-1.085,2188.0,2025,RS
1630097.0,Kaila Charles,-0.622,2.34,0.975,1983.0,2025,RS
1630134.0,Sug Sutton,1.825,1.652,3.11,3633.0,2025,RS
1630142.0,Leonie Fiebich,0.369,1.167,0.847,3430.0,2025,RS
1630143.0,Luisa Geiselsoder,-0.947,-0.319,-0.337,1989.0,2025,RS
1630149.0,Satou Sabally,1.775,0.987,1.977,2862.0,2025,RS
1630387.0,Iliana Rupert,2.052,1.495,2.747,1460.0,2025,RS
1630389.0,Dana Evans,-3.005,-0.314,-2.251,2579.0,2025,RS
1630442.0,Natasha Mack,2.666,3.407,3.329,1731.0,2025,RS
1630446.0,Michaela Onyenwere,-0.739,-1.263,-0.502,2470.0,2025,RS
1630461.0,Kiana Williams,-0.957,-0.461,-0.145,434.0,2025,RS
1630462.0,Aari McDonald,-0.407,-0.272,-0.405,1617.0,2025,RS
1630471.0,Maya Caldwell,0.778,-0.535,-0.214,2354.0,2025,RS
1630996.0,Rae Burrell,2.303,0.465,3.303,1875.0,2025,RS
1631006.0,Kierstan Bell,-1.699,2.578,0.365,1349.0,2025,RS
1631007.0,Veronica Burton,3.462,2.586,4.291,4059.0,2025,RS
1631009.0,Rhyne Howard,0.244,1.554,0.556,2677.0,2025,RS
1631019.0,NaLyssa Smith,-0.368,-0.006,-0.051,2859.0,2025,RS
1631022.0,Shakira Austin,-3.036,1.092,-1.862,2829.0,2025,RS
1631044.0,Naz Hillmon,0.02,1.008,0.812,2810.0,2025,RS
1631055.0,Nyara Sabally,-0.131,-0.654,-0.807,1109.0,2025,RS
1631064.0,Chloe Bibby,0.373,0.357,-0.445,569.0,2025,RS
1631083.0,Emily Engstler,1.775,-0.272,0.148,1893.0,2025,RS
1631086.0,Lexie Hull,0.144,0.925,0.532,3437.0,2025,RS
1631118.0,Lexi Held,-2.758,0.145,-2.799,1500.0,2025,RS
1631135.0,Olivia Nelson-Ododa,1.922,-3.45,-0.918,2402.0,2025,RS
1631141.0,Jade Melbourne,-4.194,-2.593,-4.361,2639.0,2025,RS
1641648.0,Aliyah Boston,1.729,0.985,1.548,3750.0,2025,RS
1641649.0,Diamond Miller,-2.308,-1.071,-2.933,1451.0,2025,RS
1641650.0,Haley Jones,-0.16,-1.906,-1.58,1865.0,2025,RS
1641652.0,Maddy Siegrist,1.974,-1.419,0.844,2363.0,2025,RS
1641656.0,Laeticia Amihere,4.975,0.383,3.255,1425.0,2025,RS
1641658.0,Grace Berger,-2.506,-1.266,-2.923,1376.0,2025,RS
1641660.0,Zia Cooke,5.765,-5.786,-0.388,1002.0,2025,RS
1642210.0,Julie Vanloo,-4.51,-1.049,-4.088,1217.0,2025,RS
1642240.0,Jaelyn Brown,-2.119,0.45,-1.3,386.0,2025,RS
1642244.0,Sevgi Uzun,-1.288,0.11,-0.472,1333.0,2025,RS
1642286.0,Caitlin Clark,-1.045,-0.979,-1.914,1193.0,2025,RS
1642287.0,Cameron Brink,-1.946,-0.425,-3.732,982.0,2025,RS
1642288.0,Rickea Jackson,-0.94,-1.227,-1.039,3689.0,2025,RS
1642289.0,Kamilla Cardoso,-0.286,-1.123,0.363,3465.0,2025,RS
1642290.0,Aaliyah Edwards,-1.724,1.8,-0.247,1829.0,2025,RS
1642291.0,Angel Reese,-0.265,0.417,0.359,3020.0,2025,RS
1642292.0,Jacy Sheldon,-0.026,-6.355,-4.315,2048.0,2025,RS
1642293.0,Alissa Pili,0.205,0.349,0.496,336.0,2025,RS
1642295.0,Elizabeth Kitley,-1.879,-1.143,-3.586,308.0,2025,RS
1642303.0,Leila Lacan,-0.285,3.848,1.775,1903.0,2025,RS
1642304.0,Carla Leite,-0.943,1.557,0.384,1862.0,2025,RS
1642320.0,Jaylyn Sherrod,-1.68,-0.549,-3.134,461.0,2025,RS
1642324.0,Kate Martin,-0.969,-0.34,-1.198,2105.0,2025,RS
1642767.0,Janelle Salaun,0.482,-1.606,-0.341,2994.0,2025,RS
1642773.0,Kariata Diaby,-0.863,-0.017,-1.076,399.0,2025,RS
1642774.0,Murjanatu Musa,1.001,-2.424,-0.951,582.0,2025,RS
1642777.0,Monique Akoa Makani,0.174,0.651,0.734,2553.0,2025,RS
1642782.0,Sarah Ashlee Barker,-2.014,-1.818,-2.038,1719.0,2025,RS
1642784.0,Paige Bueckers,1.903,-2.183,0.425,3271.0,2025,RS
1642785.0,Sonia Citron,0.675,0.658,1.226,3711.0,2025,RS
1642792.0,Kiki Iriafen,0.365,1.087,1.456,3487.0,2025,RS
1642793.0,Aziaha James,0.317,-1.326,-0.753,2180.0,2025,RS
1642796.0,Rayah Marshall,-1.652,0.533,-0.9,316.0,2025,RS
1642798.0,Dominique Malonga,3.478,-4.479,-1.42,2277.0,2025,RS
1642800.0,Aneesah Morrow,-1.337,2.512,1.626,2224.0,2025,RS
1642801.0,Aaliyah Nye,-1.758,-0.674,-1.74,2269.0,2025,RS
1642802.0,Lucy Olsen,-0.695,-0.546,-0.306,2071.0,2025,RS
1642804.0,Te-Hina Paopao,0.781,0.488,1.062,2185.0,2025,RS
1642808.0,JJ Quinerly,-0.119,1.164,0.903,2032.0,2025,RS
1642809.0,Saniya Rivers,-3.139,-2.106,-3.913,3206.0,2025,RS
1642815.0,Makayla Timpson,1.663,0.859,0.935,830.0,2025,RS
1642817.0,Hailey Van Lith,-2.46,-0.96,-2.635,1078.0,2025,RS
1642818.0,Maddy Westbeld,0.49,0.397,0.863,983.0,2025,RS
1642820.0,Liatu King,-0.53,-1.771,-1.367,458.0,2025,RS
1642822.0,Kaitlyn Chen,-1.685,0.431,-0.841,649.0,2025,RS
1642841.0,Mamignan Toure,-2.058,0.109,-1.912,431.0,2025,RS
